date,var,amount
2004-01-01,"Agropecuario, silvicultura, caza y pesca",17766
2004-02-01,"Agropecuario, silvicultura, caza y pesca",18203
2004-03-01,"Agropecuario, silvicultura, caza y pesca",17873
2004-04-01,"Agropecuario, silvicultura, caza y pesca",17503
2004-05-01,"Agropecuario, silvicultura, caza y pesca",17464
2004-06-01,"Agropecuario, silvicultura, caza y pesca",17506
2004-07-01,"Agropecuario, silvicultura, caza y pesca",16417
2004-08-01,"Agropecuario, silvicultura, caza y pesca",16131
2004-09-01,"Agropecuario, silvicultura, caza y pesca",16285
2004-10-01,"Agropecuario, silvicultura, caza y pesca",16414
2004-11-01,"Agropecuario, silvicultura, caza y pesca",19553
2004-12-01,"Agropecuario, silvicultura, caza y pesca",20485
2005-01-01,"Agropecuario, silvicultura, caza y pesca",20540
2005-02-01,"Agropecuario, silvicultura, caza y pesca",20742
2005-03-01,"Agropecuario, silvicultura, caza y pesca",20825
2005-04-01,"Agropecuario, silvicultura, caza y pesca",20798
2005-05-01,"Agropecuario, silvicultura, caza y pesca",19901
2005-06-01,"Agropecuario, silvicultura, caza y pesca",18911
2005-07-01,"Agropecuario, silvicultura, caza y pesca",19057
2005-08-01,"Agropecuario, silvicultura, caza y pesca",18473
2005-09-01,"Agropecuario, silvicultura, caza y pesca",18350
2005-10-01,"Agropecuario, silvicultura, caza y pesca",18249
2005-11-01,"Agropecuario, silvicultura, caza y pesca",22028
2005-12-01,"Agropecuario, silvicultura, caza y pesca",22130
2006-01-01,"Agropecuario, silvicultura, caza y pesca",23176
2006-02-01,"Agropecuario, silvicultura, caza y pesca",23570
2006-03-01,"Agropecuario, silvicultura, caza y pesca",23718
2006-04-01,"Agropecuario, silvicultura, caza y pesca",23325
2006-05-01,"Agropecuario, silvicultura, caza y pesca",22541
2006-06-01,"Agropecuario, silvicultura, caza y pesca",22113
2006-07-01,"Agropecuario, silvicultura, caza y pesca",22707
2006-08-01,"Agropecuario, silvicultura, caza y pesca",22842
2006-09-01,"Agropecuario, silvicultura, caza y pesca",22087
2006-10-01,"Agropecuario, silvicultura, caza y pesca",22570
2006-11-01,"Agropecuario, silvicultura, caza y pesca",26481
2006-12-01,"Agropecuario, silvicultura, caza y pesca",26501
2007-01-01,"Agropecuario, silvicultura, caza y pesca",27729
2007-02-01,"Agropecuario, silvicultura, caza y pesca",29568
2007-03-01,"Agropecuario, silvicultura, caza y pesca",30222
2007-04-01,"Agropecuario, silvicultura, caza y pesca",29741
2007-05-01,"Agropecuario, silvicultura, caza y pesca",31786
2007-06-01,"Agropecuario, silvicultura, caza y pesca",28382
2007-07-01,"Agropecuario, silvicultura, caza y pesca",29572
2007-08-01,"Agropecuario, silvicultura, caza y pesca",29880
2007-09-01,"Agropecuario, silvicultura, caza y pesca",29255
2007-10-01,"Agropecuario, silvicultura, caza y pesca",29583
2007-11-01,"Agropecuario, silvicultura, caza y pesca",35351
2007-12-01,"Agropecuario, silvicultura, caza y pesca",36961
2008-01-01,"Agropecuario, silvicultura, caza y pesca",37810
2008-02-01,"Agropecuario, silvicultura, caza y pesca",38814
2008-03-01,"Agropecuario, silvicultura, caza y pesca",38534
2008-04-01,"Agropecuario, silvicultura, caza y pesca",38187
2008-05-01,"Agropecuario, silvicultura, caza y pesca",37865
2008-06-01,"Agropecuario, silvicultura, caza y pesca",37853
2008-07-01,"Agropecuario, silvicultura, caza y pesca",38248
2008-08-01,"Agropecuario, silvicultura, caza y pesca",37645
2008-09-01,"Agropecuario, silvicultura, caza y pesca",36559
2008-10-01,"Agropecuario, silvicultura, caza y pesca",36575
2008-11-01,"Agropecuario, silvicultura, caza y pesca",38070
2008-12-01,"Agropecuario, silvicultura, caza y pesca",42780
2009-01-01,"Agropecuario, silvicultura, caza y pesca",45823
2009-02-01,"Agropecuario, silvicultura, caza y pesca",46094
2009-03-01,"Agropecuario, silvicultura, caza y pesca",45443
2009-04-01,"Agropecuario, silvicultura, caza y pesca",43765
2009-05-01,"Agropecuario, silvicultura, caza y pesca",46048
2009-06-01,"Agropecuario, silvicultura, caza y pesca",43260
2009-07-01,"Agropecuario, silvicultura, caza y pesca",41040
2009-08-01,"Agropecuario, silvicultura, caza y pesca",42394
2009-09-01,"Agropecuario, silvicultura, caza y pesca",39078
2009-10-01,"Agropecuario, silvicultura, caza y pesca",40201
2009-11-01,"Agropecuario, silvicultura, caza y pesca",46715
2009-12-01,"Agropecuario, silvicultura, caza y pesca",49072
2010-01-01,"Agropecuario, silvicultura, caza y pesca",51906
2010-02-01,"Agropecuario, silvicultura, caza y pesca",53583
2010-03-01,"Agropecuario, silvicultura, caza y pesca",52682
2010-04-01,"Agropecuario, silvicultura, caza y pesca",51831
2010-05-01,"Agropecuario, silvicultura, caza y pesca",50789
2010-06-01,"Agropecuario, silvicultura, caza y pesca",50950
2010-07-01,"Agropecuario, silvicultura, caza y pesca",50035
2010-08-01,"Agropecuario, silvicultura, caza y pesca",48476
2010-09-01,"Agropecuario, silvicultura, caza y pesca",44856
2010-10-01,"Agropecuario, silvicultura, caza y pesca",45003
2010-11-01,"Agropecuario, silvicultura, caza y pesca",45685
2010-12-01,"Agropecuario, silvicultura, caza y pesca",52626
2011-01-01,"Agropecuario, silvicultura, caza y pesca",55439
2011-02-01,"Agropecuario, silvicultura, caza y pesca",54963
2011-03-01,"Agropecuario, silvicultura, caza y pesca",55475
2011-04-01,"Agropecuario, silvicultura, caza y pesca",54140
2011-05-01,"Agropecuario, silvicultura, caza y pesca",52831
2011-06-01,"Agropecuario, silvicultura, caza y pesca",52932
2011-07-01,"Agropecuario, silvicultura, caza y pesca",49355
2011-08-01,"Agropecuario, silvicultura, caza y pesca",47373
2011-09-01,"Agropecuario, silvicultura, caza y pesca",45767
2011-10-01,"Agropecuario, silvicultura, caza y pesca",45198
2011-11-01,"Agropecuario, silvicultura, caza y pesca",52102
2011-12-01,"Agropecuario, silvicultura, caza y pesca",55951
2012-01-01,"Agropecuario, silvicultura, caza y pesca",59091
2012-02-01,"Agropecuario, silvicultura, caza y pesca",61410
2012-03-01,"Agropecuario, silvicultura, caza y pesca",58993
2012-04-01,"Agropecuario, silvicultura, caza y pesca",57656
2012-05-01,"Agropecuario, silvicultura, caza y pesca",61427
2012-06-01,"Agropecuario, silvicultura, caza y pesca",56739
2012-07-01,"Agropecuario, silvicultura, caza y pesca",56130
2012-08-01,"Agropecuario, silvicultura, caza y pesca",53360
2012-09-01,"Agropecuario, silvicultura, caza y pesca",51380
2012-10-01,"Agropecuario, silvicultura, caza y pesca",51288
2012-11-01,"Agropecuario, silvicultura, caza y pesca",59367
2012-12-01,"Agropecuario, silvicultura, caza y pesca",66399
2013-01-01,"Agropecuario, silvicultura, caza y pesca",70113
2013-02-01,"Agropecuario, silvicultura, caza y pesca",69299
2013-03-01,"Agropecuario, silvicultura, caza y pesca",66750
2013-04-01,"Agropecuario, silvicultura, caza y pesca",65562
2013-05-01,"Agropecuario, silvicultura, caza y pesca",63373
2013-06-01,"Agropecuario, silvicultura, caza y pesca",60431
2013-07-01,"Agropecuario, silvicultura, caza y pesca",59842
2013-08-01,"Agropecuario, silvicultura, caza y pesca",59137
2013-09-01,"Agropecuario, silvicultura, caza y pesca",54813
2013-10-01,"Agropecuario, silvicultura, caza y pesca",54820
2013-11-01,"Agropecuario, silvicultura, caza y pesca",63953
2013-12-01,"Agropecuario, silvicultura, caza y pesca",69662
2014-01-01,"Agropecuario, silvicultura, caza y pesca",72916
2014-02-01,"Agropecuario, silvicultura, caza y pesca",73378
2014-03-01,"Agropecuario, silvicultura, caza y pesca",73057
2014-04-01,"Agropecuario, silvicultura, caza y pesca",70270
2014-05-01,"Agropecuario, silvicultura, caza y pesca",71300
2014-06-01,"Agropecuario, silvicultura, caza y pesca",66004
2014-07-01,"Agropecuario, silvicultura, caza y pesca",64986
2014-08-01,"Agropecuario, silvicultura, caza y pesca",61878
2014-09-01,"Agropecuario, silvicultura, caza y pesca",59694
2014-10-01,"Agropecuario, silvicultura, caza y pesca",56039
2014-11-01,"Agropecuario, silvicultura, caza y pesca",65103
2014-12-01,"Agropecuario, silvicultura, caza y pesca",69834
2015-01-01,"Agropecuario, silvicultura, caza y pesca",74651
2015-02-01,"Agropecuario, silvicultura, caza y pesca",78215
2015-03-01,"Agropecuario, silvicultura, caza y pesca",76255
2015-04-01,"Agropecuario, silvicultura, caza y pesca",73610
2015-05-01,"Agropecuario, silvicultura, caza y pesca",75327
2015-06-01,"Agropecuario, silvicultura, caza y pesca",71310
2015-07-01,"Agropecuario, silvicultura, caza y pesca",69504
2015-08-01,"Agropecuario, silvicultura, caza y pesca",67300
2015-09-01,"Agropecuario, silvicultura, caza y pesca",64783
2015-10-01,"Agropecuario, silvicultura, caza y pesca",64690
2015-11-01,"Agropecuario, silvicultura, caza y pesca",70412
2015-12-01,"Agropecuario, silvicultura, caza y pesca",76888
2016-01-01,"Agropecuario, silvicultura, caza y pesca",81560
2016-02-01,"Agropecuario, silvicultura, caza y pesca",76645
2016-03-01,"Agropecuario, silvicultura, caza y pesca",74071
2016-04-01,"Agropecuario, silvicultura, caza y pesca",74133
2016-05-01,"Agropecuario, silvicultura, caza y pesca",71595
2016-06-01,"Agropecuario, silvicultura, caza y pesca",69354
2016-07-01,"Agropecuario, silvicultura, caza y pesca",68079
2016-08-01,"Agropecuario, silvicultura, caza y pesca",66957
2016-09-01,"Agropecuario, silvicultura, caza y pesca",64167
2016-10-01,"Agropecuario, silvicultura, caza y pesca",66062
2016-11-01,"Agropecuario, silvicultura, caza y pesca",70742
2016-12-01,"Agropecuario, silvicultura, caza y pesca",78524
2017-01-01,"Agropecuario, silvicultura, caza y pesca",84815
2017-02-01,"Agropecuario, silvicultura, caza y pesca",86064
2017-03-01,"Agropecuario, silvicultura, caza y pesca",83337
2017-04-01,"Agropecuario, silvicultura, caza y pesca",82939
2017-05-01,"Agropecuario, silvicultura, caza y pesca",80139
2017-06-01,"Agropecuario, silvicultura, caza y pesca",76276
2017-07-01,"Agropecuario, silvicultura, caza y pesca",74475
2017-08-01,"Agropecuario, silvicultura, caza y pesca",71606
2017-09-01,"Agropecuario, silvicultura, caza y pesca",69974
2017-10-01,"Agropecuario, silvicultura, caza y pesca",71039
2017-11-01,"Agropecuario, silvicultura, caza y pesca",78347
2017-12-01,"Agropecuario, silvicultura, caza y pesca",83137
2018-01-01,"Agropecuario, silvicultura, caza y pesca",86611
2018-02-01,"Agropecuario, silvicultura, caza y pesca",86031
2018-03-01,"Agropecuario, silvicultura, caza y pesca",84248
2018-04-01,"Agropecuario, silvicultura, caza y pesca",80059
2018-05-01,"Agropecuario, silvicultura, caza y pesca",75284
2018-06-01,"Agropecuario, silvicultura, caza y pesca",67771
2018-07-01,"Agropecuario, silvicultura, caza y pesca",64407
2018-08-01,"Agropecuario, silvicultura, caza y pesca",60358
2018-09-01,"Agropecuario, silvicultura, caza y pesca",59178
2018-10-01,"Agropecuario, silvicultura, caza y pesca",59513
2018-11-01,"Agropecuario, silvicultura, caza y pesca",66747
2018-12-01,"Agropecuario, silvicultura, caza y pesca",73097
2019-01-01,"Agropecuario, silvicultura, caza y pesca",77249
2019-02-01,"Agropecuario, silvicultura, caza y pesca",75969
2019-03-01,"Agropecuario, silvicultura, caza y pesca",72420
2019-04-01,"Agropecuario, silvicultura, caza y pesca",68657
2019-05-01,"Agropecuario, silvicultura, caza y pesca",66086
2019-06-01,"Agropecuario, silvicultura, caza y pesca",59651
2019-07-01,"Agropecuario, silvicultura, caza y pesca",57247
2019-08-01,"Agropecuario, silvicultura, caza y pesca",56493
2019-09-01,"Agropecuario, silvicultura, caza y pesca",54229
2019-10-01,"Agropecuario, silvicultura, caza y pesca",56333
2019-11-01,"Agropecuario, silvicultura, caza y pesca",64417
2019-12-01,"Agropecuario, silvicultura, caza y pesca",70678
2020-01-01,"Agropecuario, silvicultura, caza y pesca",76489
2020-02-01,"Agropecuario, silvicultura, caza y pesca",76747
2020-03-01,"Agropecuario, silvicultura, caza y pesca",71531
2020-04-01,"Agropecuario, silvicultura, caza y pesca",67251
2020-05-01,"Agropecuario, silvicultura, caza y pesca",65246
2020-06-01,"Agropecuario, silvicultura, caza y pesca",58323
2020-07-01,"Agropecuario, silvicultura, caza y pesca",56333
2020-08-01,"Agropecuario, silvicultura, caza y pesca",55780
2020-09-01,"Agropecuario, silvicultura, caza y pesca",54294
2020-10-01,"Agropecuario, silvicultura, caza y pesca",55821
2020-11-01,"Agropecuario, silvicultura, caza y pesca",60048
2020-12-01,"Agropecuario, silvicultura, caza y pesca",67175
2021-01-01,"Agropecuario, silvicultura, caza y pesca",74881
2004-01-01,Minas y canteras,2035
2004-02-01,Minas y canteras,2083
2004-03-01,Minas y canteras,2147
2004-04-01,Minas y canteras,2149
2004-05-01,Minas y canteras,2158
2004-06-01,Minas y canteras,2118
2004-07-01,Minas y canteras,2134
2004-08-01,Minas y canteras,2196
2004-09-01,Minas y canteras,2184
2004-10-01,Minas y canteras,2214
2004-11-01,Minas y canteras,2185
2004-12-01,Minas y canteras,2222
2005-01-01,Minas y canteras,2220
2005-02-01,Minas y canteras,2242
2005-03-01,Minas y canteras,2278
2005-04-01,Minas y canteras,2314
2005-05-01,Minas y canteras,2339
2005-06-01,Minas y canteras,2195
2005-07-01,Minas y canteras,2291
2005-08-01,Minas y canteras,2276
2005-09-01,Minas y canteras,2135
2005-10-01,Minas y canteras,2165
2005-11-01,Minas y canteras,2151
2005-12-01,Minas y canteras,2138
2006-01-01,Minas y canteras,2147
2006-02-01,Minas y canteras,2228
2006-03-01,Minas y canteras,2258
2006-04-01,Minas y canteras,2230
2006-05-01,Minas y canteras,2186
2006-06-01,Minas y canteras,2198
2006-07-01,Minas y canteras,2205
2006-08-01,Minas y canteras,2235
2006-09-01,Minas y canteras,2207
2006-10-01,Minas y canteras,2202
2006-11-01,Minas y canteras,2270
2006-12-01,Minas y canteras,2291
2007-01-01,Minas y canteras,2309
2007-02-01,Minas y canteras,2264
2007-03-01,Minas y canteras,2415
2007-04-01,Minas y canteras,2270
2007-05-01,Minas y canteras,2211
2007-06-01,Minas y canteras,2196
2007-07-01,Minas y canteras,2233
2007-08-01,Minas y canteras,2234
2007-09-01,Minas y canteras,2219
2007-10-01,Minas y canteras,2255
2007-11-01,Minas y canteras,2266
2007-12-01,Minas y canteras,2309
2008-01-01,Minas y canteras,2332
2008-02-01,Minas y canteras,2328
2008-03-01,Minas y canteras,2375
2008-04-01,Minas y canteras,2393
2008-05-01,Minas y canteras,2390
2008-06-01,Minas y canteras,2436
2008-07-01,Minas y canteras,2462
2008-08-01,Minas y canteras,2440
2008-09-01,Minas y canteras,2425
2008-10-01,Minas y canteras,2392
2008-11-01,Minas y canteras,2338
2008-12-01,Minas y canteras,2444
2009-01-01,Minas y canteras,2443
2009-02-01,Minas y canteras,2470
2009-03-01,Minas y canteras,2533
2009-04-01,Minas y canteras,2545
2009-05-01,Minas y canteras,2609
2009-06-01,Minas y canteras,2579
2009-07-01,Minas y canteras,2563
2009-08-01,Minas y canteras,2577
2009-09-01,Minas y canteras,2545
2009-10-01,Minas y canteras,2603
2009-11-01,Minas y canteras,2636
2009-12-01,Minas y canteras,2661
2010-01-01,Minas y canteras,2753
2010-02-01,Minas y canteras,2823
2010-03-01,Minas y canteras,2880
2010-04-01,Minas y canteras,2934
2010-05-01,Minas y canteras,2895
2010-06-01,Minas y canteras,2895
2010-07-01,Minas y canteras,2863
2010-08-01,Minas y canteras,2950
2010-09-01,Minas y canteras,2949
2010-10-01,Minas y canteras,3051
2010-11-01,Minas y canteras,3053
2010-12-01,Minas y canteras,3069
2011-01-01,Minas y canteras,3118
2011-02-01,Minas y canteras,3219
2011-03-01,Minas y canteras,3303
2011-04-01,Minas y canteras,3386
2011-05-01,Minas y canteras,3439
2011-06-01,Minas y canteras,3582
2011-07-01,Minas y canteras,3704
2011-08-01,Minas y canteras,3719
2011-09-01,Minas y canteras,3762
2011-10-01,Minas y canteras,3918
2011-11-01,Minas y canteras,4136
2011-12-01,Minas y canteras,4060
2012-01-01,Minas y canteras,4087
2012-02-01,Minas y canteras,4278
2012-03-01,Minas y canteras,4417
2012-04-01,Minas y canteras,4448
2012-05-01,Minas y canteras,4574
2012-06-01,Minas y canteras,4529
2012-07-01,Minas y canteras,4377
2012-08-01,Minas y canteras,4434
2012-09-01,Minas y canteras,4481
2012-10-01,Minas y canteras,4534
2012-11-01,Minas y canteras,4545
2012-12-01,Minas y canteras,4433
2013-01-01,Minas y canteras,4455
2013-02-01,Minas y canteras,4627
2013-03-01,Minas y canteras,4671
2013-04-01,Minas y canteras,4741
2013-05-01,Minas y canteras,4772
2013-06-01,Minas y canteras,4892
2013-07-01,Minas y canteras,4898
2013-08-01,Minas y canteras,4817
2013-09-01,Minas y canteras,4716
2013-10-01,Minas y canteras,4676
2013-11-01,Minas y canteras,4595
2013-12-01,Minas y canteras,4574
2014-01-01,Minas y canteras,4475
2014-02-01,Minas y canteras,4579
2014-03-01,Minas y canteras,4717
2014-04-01,Minas y canteras,4790
2014-05-01,Minas y canteras,4775
2014-06-01,Minas y canteras,4792
2014-07-01,Minas y canteras,4892
2014-08-01,Minas y canteras,4787
2014-09-01,Minas y canteras,4887
2014-10-01,Minas y canteras,5063
2014-11-01,Minas y canteras,5089
2014-12-01,Minas y canteras,4912
2015-01-01,Minas y canteras,4881
2015-02-01,Minas y canteras,4877
2015-03-01,Minas y canteras,4945
2015-04-01,Minas y canteras,4870
2015-05-01,Minas y canteras,5075
2015-06-01,Minas y canteras,5016
2015-07-01,Minas y canteras,5042
2015-08-01,Minas y canteras,5094
2015-09-01,Minas y canteras,5033
2015-10-01,Minas y canteras,4991
2015-11-01,Minas y canteras,4890
2015-12-01,Minas y canteras,4777
2016-01-01,Minas y canteras,4788
2016-02-01,Minas y canteras,4833
2016-03-01,Minas y canteras,4957
2016-04-01,Minas y canteras,4963
2016-05-01,Minas y canteras,4935
2016-06-01,Minas y canteras,4992
2016-07-01,Minas y canteras,5008
2016-08-01,Minas y canteras,4958
2016-09-01,Minas y canteras,5012
2016-10-01,Minas y canteras,5115
2016-11-01,Minas y canteras,5180
2016-12-01,Minas y canteras,5059
2017-01-01,Minas y canteras,5051
2017-02-01,Minas y canteras,5243
2017-03-01,Minas y canteras,5503
2017-04-01,Minas y canteras,5550
2017-05-01,Minas y canteras,5692
2017-06-01,Minas y canteras,5782
2017-07-01,Minas y canteras,5626
2017-08-01,Minas y canteras,5456
2017-09-01,Minas y canteras,5413
2017-10-01,Minas y canteras,5372
2017-11-01,Minas y canteras,5359
2017-12-01,Minas y canteras,5182
2018-01-01,Minas y canteras,5034
2018-02-01,Minas y canteras,5102
2018-03-01,Minas y canteras,5183
2018-04-01,Minas y canteras,5180
2018-05-01,Minas y canteras,5159
2018-06-01,Minas y canteras,5070
2018-07-01,Minas y canteras,4811
2018-08-01,Minas y canteras,4675
2018-09-01,Minas y canteras,4592
2018-10-01,Minas y canteras,4584
2018-11-01,Minas y canteras,4625
2018-12-01,Minas y canteras,4497
2019-01-01,Minas y canteras,4426
2019-02-01,Minas y canteras,4494
2019-03-01,Minas y canteras,4493
2019-04-01,Minas y canteras,4416
2019-05-01,Minas y canteras,4407
2019-06-01,Minas y canteras,4448
2019-07-01,Minas y canteras,4413
2019-08-01,Minas y canteras,4599
2019-09-01,Minas y canteras,4651
2019-10-01,Minas y canteras,4631
2019-11-01,Minas y canteras,4547
2019-12-01,Minas y canteras,4447
2020-01-01,Minas y canteras,4651
2020-02-01,Minas y canteras,4840
2020-03-01,Minas y canteras,4823
2020-04-01,Minas y canteras,4713
2020-05-01,Minas y canteras,4556
2020-06-01,Minas y canteras,4519
2020-07-01,Minas y canteras,4640
2020-08-01,Minas y canteras,4802
2020-09-01,Minas y canteras,4971
2020-10-01,Minas y canteras,5183
2020-11-01,Minas y canteras,5281
2020-12-01,Minas y canteras,5250
2021-01-01,Minas y canteras,5209
2004-01-01,Industria manufacturera,88974
2004-02-01,Industria manufacturera,88674
2004-03-01,Industria manufacturera,86183
2004-04-01,Industria manufacturera,85435
2004-05-01,Industria manufacturera,88624
2004-06-01,Industria manufacturera,89485
2004-07-01,Industria manufacturera,90730
2004-08-01,Industria manufacturera,91526
2004-09-01,Industria manufacturera,94081
2004-10-01,Industria manufacturera,96699
2004-11-01,Industria manufacturera,99364
2004-12-01,Industria manufacturera,98978
2005-01-01,Industria manufacturera,104040
2005-02-01,Industria manufacturera,102661
2005-03-01,Industria manufacturera,101191
2005-04-01,Industria manufacturera,102709
2005-05-01,Industria manufacturera,100960
2005-06-01,Industria manufacturera,101014
2005-07-01,Industria manufacturera,103693
2005-08-01,Industria manufacturera,104537
2005-09-01,Industria manufacturera,102748
2005-10-01,Industria manufacturera,105441
2005-11-01,Industria manufacturera,106550
2005-12-01,Industria manufacturera,106489
2006-01-01,Industria manufacturera,111940
2006-02-01,Industria manufacturera,111615
2006-03-01,Industria manufacturera,112482
2006-04-01,Industria manufacturera,112242
2006-05-01,Industria manufacturera,112754
2006-06-01,Industria manufacturera,114426
2006-07-01,Industria manufacturera,117863
2006-08-01,Industria manufacturera,117131
2006-09-01,Industria manufacturera,118648
2006-10-01,Industria manufacturera,118902
2006-11-01,Industria manufacturera,120902
2006-12-01,Industria manufacturera,120391
2007-01-01,Industria manufacturera,123752
2007-02-01,Industria manufacturera,123220
2007-03-01,Industria manufacturera,124388
2007-04-01,Industria manufacturera,122253
2007-05-01,Industria manufacturera,124833
2007-06-01,Industria manufacturera,123817
2007-07-01,Industria manufacturera,123466
2007-08-01,Industria manufacturera,123092
2007-09-01,Industria manufacturera,122567
2007-10-01,Industria manufacturera,123394
2007-11-01,Industria manufacturera,125558
2007-12-01,Industria manufacturera,123357
2008-01-01,Industria manufacturera,128196
2008-02-01,Industria manufacturera,129384
2008-03-01,Industria manufacturera,127829
2008-04-01,Industria manufacturera,127827
2008-05-01,Industria manufacturera,124867
2008-06-01,Industria manufacturera,121873
2008-07-01,Industria manufacturera,120737
2008-08-01,Industria manufacturera,117822
2008-09-01,Industria manufacturera,114787
2008-10-01,Industria manufacturera,114446
2008-11-01,Industria manufacturera,111813
2008-12-01,Industria manufacturera,110617
2009-01-01,Industria manufacturera,112956
2009-02-01,Industria manufacturera,111121
2009-03-01,Industria manufacturera,111399
2009-04-01,Industria manufacturera,109204
2009-05-01,Industria manufacturera,111405
2009-06-01,Industria manufacturera,109720
2009-07-01,Industria manufacturera,110950
2009-08-01,Industria manufacturera,113272
2009-09-01,Industria manufacturera,112877
2009-10-01,Industria manufacturera,113807
2009-11-01,Industria manufacturera,116258
2009-12-01,Industria manufacturera,115829
2010-01-01,Industria manufacturera,119138
2010-02-01,Industria manufacturera,119621
2010-03-01,Industria manufacturera,120172
2010-04-01,Industria manufacturera,120082
2010-05-01,Industria manufacturera,122908
2010-06-01,Industria manufacturera,121894
2010-07-01,Industria manufacturera,122715
2010-08-01,Industria manufacturera,122925
2010-09-01,Industria manufacturera,122896
2010-10-01,Industria manufacturera,124836
2010-11-01,Industria manufacturera,127289
2010-12-01,Industria manufacturera,125759
2011-01-01,Industria manufacturera,130558
2011-02-01,Industria manufacturera,132806
2011-03-01,Industria manufacturera,134516
2011-04-01,Industria manufacturera,135704
2011-05-01,Industria manufacturera,135391
2011-06-01,Industria manufacturera,137519
2011-07-01,Industria manufacturera,137672
2011-08-01,Industria manufacturera,140013
2011-09-01,Industria manufacturera,140589
2011-10-01,Industria manufacturera,141089
2011-11-01,Industria manufacturera,143721
2011-12-01,Industria manufacturera,142038
2012-01-01,Industria manufacturera,147332
2012-02-01,Industria manufacturera,149122
2012-03-01,Industria manufacturera,148959
2012-04-01,Industria manufacturera,146587
2012-05-01,Industria manufacturera,147912
2012-06-01,Industria manufacturera,146284
2012-07-01,Industria manufacturera,144707
2012-08-01,Industria manufacturera,144928
2012-09-01,Industria manufacturera,144811
2012-10-01,Industria manufacturera,142590
2012-11-01,Industria manufacturera,145957
2012-12-01,Industria manufacturera,144450
2013-01-01,Industria manufacturera,148019
2013-02-01,Industria manufacturera,150617
2013-03-01,Industria manufacturera,152062
2013-04-01,Industria manufacturera,151850
2013-05-01,Industria manufacturera,153192
2013-06-01,Industria manufacturera,155601
2013-07-01,Industria manufacturera,153306
2013-08-01,Industria manufacturera,154463
2013-09-01,Industria manufacturera,150887
2013-10-01,Industria manufacturera,149978
2013-11-01,Industria manufacturera,153542
2013-12-01,Industria manufacturera,150766
2014-01-01,Industria manufacturera,152687
2014-02-01,Industria manufacturera,154259
2014-03-01,Industria manufacturera,156647
2014-04-01,Industria manufacturera,154079
2014-05-01,Industria manufacturera,156812
2014-06-01,Industria manufacturera,154536
2014-07-01,Industria manufacturera,153368
2014-08-01,Industria manufacturera,153367
2014-09-01,Industria manufacturera,150273
2014-10-01,Industria manufacturera,153378
2014-11-01,Industria manufacturera,156289
2014-12-01,Industria manufacturera,151539
2015-01-01,Industria manufacturera,160309
2015-02-01,Industria manufacturera,154359
2015-03-01,Industria manufacturera,154436
2015-04-01,Industria manufacturera,153955
2015-05-01,Industria manufacturera,156869
2015-06-01,Industria manufacturera,155919
2015-07-01,Industria manufacturera,157670
2015-08-01,Industria manufacturera,158916
2015-09-01,Industria manufacturera,157823
2015-10-01,Industria manufacturera,160791
2015-11-01,Industria manufacturera,159671
2015-12-01,Industria manufacturera,159413
2016-01-01,Industria manufacturera,164599
2016-02-01,Industria manufacturera,167816
2016-03-01,Industria manufacturera,166273
2016-04-01,Industria manufacturera,168591
2016-05-01,Industria manufacturera,168121
2016-06-01,Industria manufacturera,166139
2016-07-01,Industria manufacturera,165190
2016-08-01,Industria manufacturera,162751
2016-09-01,Industria manufacturera,160449
2016-10-01,Industria manufacturera,161733
2016-11-01,Industria manufacturera,162932
2016-12-01,Industria manufacturera,161513
2017-01-01,Industria manufacturera,165495
2017-02-01,Industria manufacturera,166097
2017-03-01,Industria manufacturera,166385
2017-04-01,Industria manufacturera,165607
2017-05-01,Industria manufacturera,167230
2017-06-01,Industria manufacturera,166996
2017-07-01,Industria manufacturera,166371
2017-08-01,Industria manufacturera,164878
2017-09-01,Industria manufacturera,164363
2017-10-01,Industria manufacturera,164674
2017-11-01,Industria manufacturera,167086
2017-12-01,Industria manufacturera,166594
2018-01-01,Industria manufacturera,171887
2018-02-01,Industria manufacturera,172831
2018-03-01,Industria manufacturera,174250
2018-04-01,Industria manufacturera,173173
2018-05-01,Industria manufacturera,172218
2018-06-01,Industria manufacturera,169252
2018-07-01,Industria manufacturera,167032
2018-08-01,Industria manufacturera,166335
2018-09-01,Industria manufacturera,165146
2018-10-01,Industria manufacturera,162444
2018-11-01,Industria manufacturera,162753
2018-12-01,Industria manufacturera,160577
2019-01-01,Industria manufacturera,161792
2019-02-01,Industria manufacturera,160300
2019-03-01,Industria manufacturera,160494
2019-04-01,Industria manufacturera,158300
2019-05-01,Industria manufacturera,159844
2019-06-01,Industria manufacturera,159637
2019-07-01,Industria manufacturera,158509
2019-08-01,Industria manufacturera,156064
2019-09-01,Industria manufacturera,153549
2019-10-01,Industria manufacturera,153341
2019-11-01,Industria manufacturera,153817
2019-12-01,Industria manufacturera,151408
2020-01-01,Industria manufacturera,152888
2020-02-01,Industria manufacturera,154636
2020-03-01,Industria manufacturera,153246
2020-04-01,Industria manufacturera,147109
2020-05-01,Industria manufacturera,143211
2020-06-01,Industria manufacturera,142923
2020-07-01,Industria manufacturera,145629
2020-08-01,Industria manufacturera,147800
2020-09-01,Industria manufacturera,147356
2020-10-01,Industria manufacturera,151950
2020-11-01,Industria manufacturera,151560
2020-12-01,Industria manufacturera,153277
2021-01-01,Industria manufacturera,160415
2004-01-01,"Electricidad, gas y agua",5977
2004-02-01,"Electricidad, gas y agua",6062
2004-03-01,"Electricidad, gas y agua",6119
2004-04-01,"Electricidad, gas y agua",6208
2004-05-01,"Electricidad, gas y agua",6102
2004-06-01,"Electricidad, gas y agua",6162
2004-07-01,"Electricidad, gas y agua",6289
2004-08-01,"Electricidad, gas y agua",6231
2004-09-01,"Electricidad, gas y agua",6326
2004-10-01,"Electricidad, gas y agua",6313
2004-11-01,"Electricidad, gas y agua",6413
2004-12-01,"Electricidad, gas y agua",6212
2005-01-01,"Electricidad, gas y agua",6448
2005-02-01,"Electricidad, gas y agua",6374
2005-03-01,"Electricidad, gas y agua",6224
2005-04-01,"Electricidad, gas y agua",6245
2005-05-01,"Electricidad, gas y agua",6999
2005-06-01,"Electricidad, gas y agua",7036
2005-07-01,"Electricidad, gas y agua",7098
2005-08-01,"Electricidad, gas y agua",7216
2005-09-01,"Electricidad, gas y agua",7300
2005-10-01,"Electricidad, gas y agua",7263
2005-11-01,"Electricidad, gas y agua",7300
2005-12-01,"Electricidad, gas y agua",7369
2006-01-01,"Electricidad, gas y agua",7337
2006-02-01,"Electricidad, gas y agua",7277
2006-03-01,"Electricidad, gas y agua",7343
2006-04-01,"Electricidad, gas y agua",7251
2006-05-01,"Electricidad, gas y agua",7337
2006-06-01,"Electricidad, gas y agua",7406
2006-07-01,"Electricidad, gas y agua",7416
2006-08-01,"Electricidad, gas y agua",7446
2006-09-01,"Electricidad, gas y agua",7416
2006-10-01,"Electricidad, gas y agua",7496
2006-11-01,"Electricidad, gas y agua",4205
2006-12-01,"Electricidad, gas y agua",4114
2007-01-01,"Electricidad, gas y agua",4161
2007-02-01,"Electricidad, gas y agua",4213
2007-03-01,"Electricidad, gas y agua",4163
2007-04-01,"Electricidad, gas y agua",4205
2007-05-01,"Electricidad, gas y agua",4275
2007-06-01,"Electricidad, gas y agua",4404
2007-07-01,"Electricidad, gas y agua",4404
2007-08-01,"Electricidad, gas y agua",4588
2007-09-01,"Electricidad, gas y agua",4560
2007-10-01,"Electricidad, gas y agua",4665
2007-11-01,"Electricidad, gas y agua",4756
2007-12-01,"Electricidad, gas y agua",4622
2008-01-01,"Electricidad, gas y agua",4840
2008-02-01,"Electricidad, gas y agua",4856
2008-03-01,"Electricidad, gas y agua",4817
2008-04-01,"Electricidad, gas y agua",4900
2008-05-01,"Electricidad, gas y agua",5021
2008-06-01,"Electricidad, gas y agua",5173
2008-07-01,"Electricidad, gas y agua",5219
2008-08-01,"Electricidad, gas y agua",5199
2008-09-01,"Electricidad, gas y agua",5288
2008-10-01,"Electricidad, gas y agua",5124
2008-11-01,"Electricidad, gas y agua",5126
2008-12-01,"Electricidad, gas y agua",5167
2009-01-01,"Electricidad, gas y agua",5212
2009-02-01,"Electricidad, gas y agua",5362
2009-03-01,"Electricidad, gas y agua",5406
2009-04-01,"Electricidad, gas y agua",5396
2009-05-01,"Electricidad, gas y agua",5427
2009-06-01,"Electricidad, gas y agua",5506
2009-07-01,"Electricidad, gas y agua",5618
2009-08-01,"Electricidad, gas y agua",5652
2009-09-01,"Electricidad, gas y agua",5676
2009-10-01,"Electricidad, gas y agua",5692
2009-11-01,"Electricidad, gas y agua",5640
2009-12-01,"Electricidad, gas y agua",5642
2010-01-01,"Electricidad, gas y agua",5461
2010-02-01,"Electricidad, gas y agua",5580
2010-03-01,"Electricidad, gas y agua",5679
2010-04-01,"Electricidad, gas y agua",5748
2010-05-01,"Electricidad, gas y agua",5827
2010-06-01,"Electricidad, gas y agua",5945
2010-07-01,"Electricidad, gas y agua",5932
2010-08-01,"Electricidad, gas y agua",5993
2010-09-01,"Electricidad, gas y agua",5944
2010-10-01,"Electricidad, gas y agua",6103
2010-11-01,"Electricidad, gas y agua",6253
2010-12-01,"Electricidad, gas y agua",6297
2011-01-01,"Electricidad, gas y agua",6377
2011-02-01,"Electricidad, gas y agua",6645
2011-03-01,"Electricidad, gas y agua",6691
2011-04-01,"Electricidad, gas y agua",6703
2011-05-01,"Electricidad, gas y agua",6723
2011-06-01,"Electricidad, gas y agua",6909
2011-07-01,"Electricidad, gas y agua",7127
2011-08-01,"Electricidad, gas y agua",7119
2011-09-01,"Electricidad, gas y agua",7041
2011-10-01,"Electricidad, gas y agua",6978
2011-11-01,"Electricidad, gas y agua",7012
2011-12-01,"Electricidad, gas y agua",6901
2012-01-01,"Electricidad, gas y agua",7005
2012-02-01,"Electricidad, gas y agua",7057
2012-03-01,"Electricidad, gas y agua",7262
2012-04-01,"Electricidad, gas y agua",7300
2012-05-01,"Electricidad, gas y agua",7433
2012-06-01,"Electricidad, gas y agua",7405
2012-07-01,"Electricidad, gas y agua",7476
2012-08-01,"Electricidad, gas y agua",7468
2012-09-01,"Electricidad, gas y agua",7370
2012-10-01,"Electricidad, gas y agua",7505
2012-11-01,"Electricidad, gas y agua",7427
2012-12-01,"Electricidad, gas y agua",7432
2013-01-01,"Electricidad, gas y agua",7522
2013-02-01,"Electricidad, gas y agua",7634
2013-03-01,"Electricidad, gas y agua",7603
2013-04-01,"Electricidad, gas y agua",7638
2013-05-01,"Electricidad, gas y agua",7702
2013-06-01,"Electricidad, gas y agua",7829
2013-07-01,"Electricidad, gas y agua",7879
2013-08-01,"Electricidad, gas y agua",7867
2013-09-01,"Electricidad, gas y agua",7863
2013-10-01,"Electricidad, gas y agua",8031
2013-11-01,"Electricidad, gas y agua",8043
2013-12-01,"Electricidad, gas y agua",8050
2014-01-01,"Electricidad, gas y agua",8098
2014-02-01,"Electricidad, gas y agua",8099
2014-03-01,"Electricidad, gas y agua",8200
2014-04-01,"Electricidad, gas y agua",8185
2014-05-01,"Electricidad, gas y agua",8215
2014-06-01,"Electricidad, gas y agua",8094
2014-07-01,"Electricidad, gas y agua",8062
2014-08-01,"Electricidad, gas y agua",8105
2014-09-01,"Electricidad, gas y agua",8096
2014-10-01,"Electricidad, gas y agua",8260
2014-11-01,"Electricidad, gas y agua",8303
2014-12-01,"Electricidad, gas y agua",8299
2015-01-01,"Electricidad, gas y agua",8400
2015-02-01,"Electricidad, gas y agua",8466
2015-03-01,"Electricidad, gas y agua",8338
2015-04-01,"Electricidad, gas y agua",7944
2015-05-01,"Electricidad, gas y agua",8069
2015-06-01,"Electricidad, gas y agua",8210
2015-07-01,"Electricidad, gas y agua",8922
2015-08-01,"Electricidad, gas y agua",8959
2015-09-01,"Electricidad, gas y agua",9079
2015-10-01,"Electricidad, gas y agua",9114
2015-11-01,"Electricidad, gas y agua",9068
2015-12-01,"Electricidad, gas y agua",8997
2016-01-01,"Electricidad, gas y agua",9207
2016-02-01,"Electricidad, gas y agua",9254
2016-03-01,"Electricidad, gas y agua",9336
2016-04-01,"Electricidad, gas y agua",9378
2016-05-01,"Electricidad, gas y agua",9352
2016-06-01,"Electricidad, gas y agua",9486
2016-07-01,"Electricidad, gas y agua",9561
2016-08-01,"Electricidad, gas y agua",9550
2016-09-01,"Electricidad, gas y agua",9662
2016-10-01,"Electricidad, gas y agua",9872
2016-11-01,"Electricidad, gas y agua",9899
2016-12-01,"Electricidad, gas y agua",10005
2017-01-01,"Electricidad, gas y agua",10020
2017-02-01,"Electricidad, gas y agua",10010
2017-03-01,"Electricidad, gas y agua",10024
2017-04-01,"Electricidad, gas y agua",10029
2017-05-01,"Electricidad, gas y agua",10188
2017-06-01,"Electricidad, gas y agua",10542
2017-07-01,"Electricidad, gas y agua",10424
2017-08-01,"Electricidad, gas y agua",10583
2017-09-01,"Electricidad, gas y agua",10662
2017-10-01,"Electricidad, gas y agua",10788
2017-11-01,"Electricidad, gas y agua",10908
2017-12-01,"Electricidad, gas y agua",10894
2018-01-01,"Electricidad, gas y agua",11000
2018-02-01,"Electricidad, gas y agua",11123
2018-03-01,"Electricidad, gas y agua",11019
2018-04-01,"Electricidad, gas y agua",11015
2018-05-01,"Electricidad, gas y agua",10770
2018-06-01,"Electricidad, gas y agua",10561
2018-07-01,"Electricidad, gas y agua",10183
2018-08-01,"Electricidad, gas y agua",10026
2018-09-01,"Electricidad, gas y agua",9767
2018-10-01,"Electricidad, gas y agua",9733
2018-11-01,"Electricidad, gas y agua",9685
2018-12-01,"Electricidad, gas y agua",9574
2019-01-01,"Electricidad, gas y agua",9591
2019-02-01,"Electricidad, gas y agua",9472
2019-03-01,"Electricidad, gas y agua",9375
2019-04-01,"Electricidad, gas y agua",9369
2019-05-01,"Electricidad, gas y agua",9375
2019-06-01,"Electricidad, gas y agua",9106
2019-07-01,"Electricidad, gas y agua",8961
2019-08-01,"Electricidad, gas y agua",8904
2019-09-01,"Electricidad, gas y agua",9275
2019-10-01,"Electricidad, gas y agua",9396
2019-11-01,"Electricidad, gas y agua",9431
2019-12-01,"Electricidad, gas y agua",9412
2020-01-01,"Electricidad, gas y agua",9445
2020-02-01,"Electricidad, gas y agua",9556
2020-03-01,"Electricidad, gas y agua",9732
2020-04-01,"Electricidad, gas y agua",9735
2020-05-01,"Electricidad, gas y agua",9678
2020-06-01,"Electricidad, gas y agua",9683
2020-07-01,"Electricidad, gas y agua",9627
2020-08-01,"Electricidad, gas y agua",9502
2020-09-01,"Electricidad, gas y agua",9434
2020-10-01,"Electricidad, gas y agua",9453
2020-11-01,"Electricidad, gas y agua",9517
2020-12-01,"Electricidad, gas y agua",9577
2021-01-01,"Electricidad, gas y agua",9232
2004-01-01,Construcción,8256
2004-02-01,Construcción,8921
2004-03-01,Construcción,9911
2004-04-01,Construcción,10287
2004-05-01,Construcción,10918
2004-06-01,Construcción,11228
2004-07-01,Construcción,11019
2004-08-01,Construcción,11059
2004-09-01,Construcción,10797
2004-10-01,Construcción,11114
2004-11-01,Construcción,10753
2004-12-01,Construcción,10084
2005-01-01,Construcción,10020
2005-02-01,Construcción,9977
2005-03-01,Construcción,10061
2005-04-01,Construcción,10562
2005-05-01,Construcción,10546
2005-06-01,Construcción,10978
2005-07-01,Construcción,11657
2005-08-01,Construcción,11484
2005-09-01,Construcción,11430
2005-10-01,Construcción,11606
2005-11-01,Construcción,11442
2005-12-01,Construcción,10805
2006-01-01,Construcción,10465
2006-02-01,Construcción,10348
2006-03-01,Construcción,10543
2006-04-01,Construcción,10749
2006-05-01,Construcción,11038
2006-06-01,Construcción,11631
2006-07-01,Construcción,12254
2006-08-01,Construcción,11689
2006-09-01,Construcción,12035
2006-10-01,Construcción,12288
2006-11-01,Construcción,12902
2006-12-01,Construcción,12672
2007-01-01,Construcción,12435
2007-02-01,Construcción,12391
2007-03-01,Construcción,12630
2007-04-01,Construcción,12085
2007-05-01,Construcción,13114
2007-06-01,Construcción,13173
2007-07-01,Construcción,12970
2007-08-01,Construcción,13213
2007-09-01,Construcción,13402
2007-10-01,Construcción,13294
2007-11-01,Construcción,13589
2007-12-01,Construcción,12844
2008-01-01,Construcción,12879
2008-02-01,Construcción,13235
2008-03-01,Construcción,13487
2008-04-01,Construcción,13663
2008-05-01,Construcción,13951
2008-06-01,Construcción,14201
2008-07-01,Construcción,14169
2008-08-01,Construcción,14293
2008-09-01,Construcción,14077
2008-10-01,Construcción,14074
2008-11-01,Construcción,14106
2008-12-01,Construcción,13484
2009-01-01,Construcción,12777
2009-02-01,Construcción,12664
2009-03-01,Construcción,12279
2009-04-01,Construcción,12134
2009-05-01,Construcción,12507
2009-06-01,Construcción,13107
2009-07-01,Construcción,13142
2009-08-01,Construcción,13587
2009-09-01,Construcción,13928
2009-10-01,Construcción,14246
2009-11-01,Construcción,14577
2009-12-01,Construcción,14032
2010-01-01,Construcción,14038
2010-02-01,Construcción,14829
2010-03-01,Construcción,14802
2010-04-01,Construcción,14551
2010-05-01,Construcción,14896
2010-06-01,Construcción,14833
2010-07-01,Construcción,14309
2010-08-01,Construcción,14268
2010-09-01,Construcción,13753
2010-10-01,Construcción,14191
2010-11-01,Construcción,14824
2010-12-01,Construcción,14244
2011-01-01,Construcción,14775
2011-02-01,Construcción,15611
2011-03-01,Construcción,16607
2011-04-01,Construcción,16690
2011-05-01,Construcción,17055
2011-06-01,Construcción,17318
2011-07-01,Construcción,17207
2011-08-01,Construcción,17401
2011-09-01,Construcción,17487
2011-10-01,Construcción,17141
2011-11-01,Construcción,17283
2011-12-01,Construcción,16304
2012-01-01,Construcción,16640
2012-02-01,Construcción,17644
2012-03-01,Construcción,19867
2012-04-01,Construcción,19874
2012-05-01,Construcción,20730
2012-06-01,Construcción,20756
2012-07-01,Construcción,20761
2012-08-01,Construcción,20981
2012-09-01,Construcción,20323
2012-10-01,Construcción,20171
2012-11-01,Construcción,20228
2012-12-01,Construcción,19644
2013-01-01,Construcción,19588
2013-02-01,Construcción,20448
2013-03-01,Construcción,21488
2013-04-01,Construcción,22364
2013-05-01,Construcción,22772
2013-06-01,Construcción,22982
2013-07-01,Construcción,23633
2013-08-01,Construcción,22843
2013-09-01,Construcción,22321
2013-10-01,Construcción,22151
2013-11-01,Construcción,22446
2013-12-01,Construcción,20032
2014-01-01,Construcción,19273
2014-02-01,Construcción,19635
2014-03-01,Construcción,20803
2014-04-01,Construcción,21286
2014-05-01,Construcción,21839
2014-06-01,Construcción,22221
2014-07-01,Construcción,22262
2014-08-01,Construcción,22361
2014-09-01,Construcción,22689
2014-10-01,Construcción,23375
2014-11-01,Construcción,23436
2014-12-01,Construcción,20982
2015-01-01,Construcción,20620
2015-02-01,Construcción,20984
2015-03-01,Construcción,23081
2015-04-01,Construcción,24265
2015-05-01,Construcción,25928
2015-06-01,Construcción,27433
2015-07-01,Construcción,27565
2015-08-01,Construcción,28098
2015-09-01,Construcción,28426
2015-10-01,Construcción,29338
2015-11-01,Construcción,30007
2015-12-01,Construcción,28010
2016-01-01,Construcción,28710
2016-02-01,Construcción,29665
2016-03-01,Construcción,29905
2016-04-01,Construcción,31598
2016-05-01,Construcción,33009
2016-06-01,Construcción,33605
2016-07-01,Construcción,32706
2016-08-01,Construcción,32836
2016-09-01,Construcción,32673
2016-10-01,Construcción,33094
2016-11-01,Construcción,32939
2016-12-01,Construcción,31390
2017-01-01,Construcción,32131
2017-02-01,Construcción,33986
2017-03-01,Construcción,34923
2017-04-01,Construcción,35091
2017-05-01,Construcción,35796
2017-06-01,Construcción,36372
2017-07-01,Construcción,35347
2017-08-01,Construcción,36261
2017-09-01,Construcción,35795
2017-10-01,Construcción,35309
2017-11-01,Construcción,34152
2017-12-01,Construcción,32944
2018-01-01,Construcción,33203
2018-02-01,Construcción,32341
2018-03-01,Construcción,32562
2018-04-01,Construcción,32427
2018-05-01,Construcción,30511
2018-06-01,Construcción,25076
2018-07-01,Construcción,22240
2018-08-01,Construcción,22435
2018-09-01,Construcción,22196
2018-10-01,Construcción,22844
2018-11-01,Construcción,23126
2018-12-01,Construcción,21340
2019-01-01,Construcción,21235
2019-02-01,Construcción,21515
2019-03-01,Construcción,22261
2019-04-01,Construcción,21671
2019-05-01,Construcción,22155
2019-06-01,Construcción,21186
2019-07-01,Construcción,21057
2019-08-01,Construcción,20065
2019-09-01,Construcción,19599
2019-10-01,Construcción,19278
2019-11-01,Construcción,19398
2019-12-01,Construcción,18043
2020-01-01,Construcción,18558
2020-02-01,Construcción,19367
2020-03-01,Construcción,20089
2020-04-01,Construcción,19959
2020-05-01,Construcción,20055
2020-06-01,Construcción,19969
2020-07-01,Construcción,20827
2020-08-01,Construcción,20816
2020-09-01,Construcción,21120
2020-10-01,Construcción,22506
2020-11-01,Construcción,21913
2020-12-01,Construcción,22093
2021-01-01,Construcción,22534
2004-01-01,Comercio,40916
2004-02-01,Comercio,41138
2004-03-01,Comercio,44523
2004-04-01,Comercio,44083
2004-05-01,Comercio,44562
2004-06-01,Comercio,45049
2004-07-01,Comercio,45269
2004-08-01,Comercio,45178
2004-09-01,Comercio,43458
2004-10-01,Comercio,43990
2004-11-01,Comercio,45275
2004-12-01,Comercio,45553
2005-01-01,Comercio,45704
2005-02-01,Comercio,45808
2005-03-01,Comercio,46691
2005-04-01,Comercio,46858
2005-05-01,Comercio,46733
2005-06-01,Comercio,47828
2005-07-01,Comercio,47966
2005-08-01,Comercio,49085
2005-09-01,Comercio,49450
2005-10-01,Comercio,50663
2005-11-01,Comercio,52788
2005-12-01,Comercio,53619
2006-01-01,Comercio,54495
2006-02-01,Comercio,54844
2006-03-01,Comercio,54412
2006-04-01,Comercio,54076
2006-05-01,Comercio,55372
2006-06-01,Comercio,56140
2006-07-01,Comercio,56497
2006-08-01,Comercio,57378
2006-09-01,Comercio,57052
2006-10-01,Comercio,57677
2006-11-01,Comercio,59082
2006-12-01,Comercio,59143
2007-01-01,Comercio,58675
2007-02-01,Comercio,57148
2007-03-01,Comercio,57811
2007-04-01,Comercio,58298
2007-05-01,Comercio,58829
2007-06-01,Comercio,59571
2007-07-01,Comercio,60675
2007-08-01,Comercio,61634
2007-09-01,Comercio,62340
2007-10-01,Comercio,62504
2007-11-01,Comercio,64585
2007-12-01,Comercio,64403
2008-01-01,Comercio,64674
2008-02-01,Comercio,64921
2008-03-01,Comercio,65270
2008-04-01,Comercio,65273
2008-05-01,Comercio,65725
2008-06-01,Comercio,66877
2008-07-01,Comercio,67558
2008-08-01,Comercio,68146
2008-09-01,Comercio,68587
2008-10-01,Comercio,69526
2008-11-01,Comercio,68032
2008-12-01,Comercio,67948
2009-01-01,Comercio,67465
2009-02-01,Comercio,69046
2009-03-01,Comercio,69091
2009-04-01,Comercio,67060
2009-05-01,Comercio,68795
2009-06-01,Comercio,69090
2009-07-01,Comercio,68690
2009-08-01,Comercio,68659
2009-09-01,Comercio,68664
2009-10-01,Comercio,68707
2009-11-01,Comercio,68744
2009-12-01,Comercio,68803
2010-01-01,Comercio,69123
2010-02-01,Comercio,69080
2010-03-01,Comercio,68581
2010-04-01,Comercio,68852
2010-05-01,Comercio,69208
2010-06-01,Comercio,70100
2010-07-01,Comercio,70861
2010-08-01,Comercio,71653
2010-09-01,Comercio,71895
2010-10-01,Comercio,73091
2010-11-01,Comercio,74837
2010-12-01,Comercio,74957
2011-01-01,Comercio,75331
2011-02-01,Comercio,75564
2011-03-01,Comercio,76622
2011-04-01,Comercio,76974
2011-05-01,Comercio,77984
2011-06-01,Comercio,78931
2011-07-01,Comercio,79146
2011-08-01,Comercio,80445
2011-09-01,Comercio,81136
2011-10-01,Comercio,81986
2011-11-01,Comercio,84437
2011-12-01,Comercio,84652
2012-01-01,Comercio,84501
2012-02-01,Comercio,85614
2012-03-01,Comercio,86202
2012-04-01,Comercio,86727
2012-05-01,Comercio,88702
2012-06-01,Comercio,90077
2012-07-01,Comercio,91384
2012-08-01,Comercio,93248
2012-09-01,Comercio,94238
2012-10-01,Comercio,96977
2012-11-01,Comercio,99199
2012-12-01,Comercio,100065
2013-01-01,Comercio,101830
2013-02-01,Comercio,102484
2013-03-01,Comercio,103189
2013-04-01,Comercio,104870
2013-05-01,Comercio,107158
2013-06-01,Comercio,108023
2013-07-01,Comercio,109589
2013-08-01,Comercio,111528
2013-09-01,Comercio,112364
2013-10-01,Comercio,115006
2013-11-01,Comercio,116857
2013-12-01,Comercio,116946
2014-01-01,Comercio,118450
2014-02-01,Comercio,118680
2014-03-01,Comercio,118681
2014-04-01,Comercio,118621
2014-05-01,Comercio,121530
2014-06-01,Comercio,124572
2014-07-01,Comercio,127291
2014-08-01,Comercio,130252
2014-09-01,Comercio,133541
2014-10-01,Comercio,136770
2014-11-01,Comercio,139899
2014-12-01,Comercio,140571
2015-01-01,Comercio,143736
2015-02-01,Comercio,146705
2015-03-01,Comercio,150823
2015-04-01,Comercio,152836
2015-05-01,Comercio,157059
2015-06-01,Comercio,147001
2015-07-01,Comercio,141037
2015-08-01,Comercio,142619
2015-09-01,Comercio,143960
2015-10-01,Comercio,146477
2015-11-01,Comercio,150380
2015-12-01,Comercio,152602
2016-01-01,Comercio,155586
2016-02-01,Comercio,157653
2016-03-01,Comercio,160635
2016-04-01,Comercio,163178
2016-05-01,Comercio,162923
2016-06-01,Comercio,164575
2016-07-01,Comercio,164969
2016-08-01,Comercio,167891
2016-09-01,Comercio,169924
2016-10-01,Comercio,172420
2016-11-01,Comercio,175324
2016-12-01,Comercio,176565
2017-01-01,Comercio,178579
2017-02-01,Comercio,181004
2017-03-01,Comercio,182630
2017-04-01,Comercio,184540
2017-05-01,Comercio,186243
2017-06-01,Comercio,188173
2017-07-01,Comercio,188849
2017-08-01,Comercio,190799
2017-09-01,Comercio,191281
2017-10-01,Comercio,190516
2017-11-01,Comercio,187163
2017-12-01,Comercio,184966
2018-01-01,Comercio,179999
2018-02-01,Comercio,173473
2018-03-01,Comercio,166647
2018-04-01,Comercio,158271
2018-05-01,Comercio,148596
2018-06-01,Comercio,134642
2018-07-01,Comercio,122554
2018-08-01,Comercio,117508
2018-09-01,Comercio,115835
2018-10-01,Comercio,116140
2018-11-01,Comercio,116581
2018-12-01,Comercio,115648
2019-01-01,Comercio,115246
2019-02-01,Comercio,113457
2019-03-01,Comercio,112487
2019-04-01,Comercio,110987
2019-05-01,Comercio,110143
2019-06-01,Comercio,109312
2019-07-01,Comercio,109080
2019-08-01,Comercio,108600
2019-09-01,Comercio,108020
2019-10-01,Comercio,108807
2019-11-01,Comercio,109338
2019-12-01,Comercio,108847
2020-01-01,Comercio,109688
2020-02-01,Comercio,110157
2020-03-01,Comercio,109714
2020-04-01,Comercio,104940
2020-05-01,Comercio,102270
2020-06-01,Comercio,101193
2020-07-01,Comercio,99921
2020-08-01,Comercio,99740
2020-09-01,Comercio,100770
2020-10-01,Comercio,102337
2020-11-01,Comercio,103830
2020-12-01,Comercio,104410
2021-01-01,Comercio,105570
2004-01-01,"Transporte, almacenamiento y comunicaciones",10014
2004-02-01,"Transporte, almacenamiento y comunicaciones",9966
2004-03-01,"Transporte, almacenamiento y comunicaciones",10112
2004-04-01,"Transporte, almacenamiento y comunicaciones",10231
2004-05-01,"Transporte, almacenamiento y comunicaciones",10376
2004-06-01,"Transporte, almacenamiento y comunicaciones",10258
2004-07-01,"Transporte, almacenamiento y comunicaciones",10549
2004-08-01,"Transporte, almacenamiento y comunicaciones",10489
2004-09-01,"Transporte, almacenamiento y comunicaciones",10456
2004-10-01,"Transporte, almacenamiento y comunicaciones",10474
2004-11-01,"Transporte, almacenamiento y comunicaciones",10446
2004-12-01,"Transporte, almacenamiento y comunicaciones",10366
2005-01-01,"Transporte, almacenamiento y comunicaciones",10514
2005-02-01,"Transporte, almacenamiento y comunicaciones",10994
2005-03-01,"Transporte, almacenamiento y comunicaciones",10856
2005-04-01,"Transporte, almacenamiento y comunicaciones",10886
2005-05-01,"Transporte, almacenamiento y comunicaciones",10447
2005-06-01,"Transporte, almacenamiento y comunicaciones",10671
2005-07-01,"Transporte, almacenamiento y comunicaciones",10658
2005-08-01,"Transporte, almacenamiento y comunicaciones",10688
2005-09-01,"Transporte, almacenamiento y comunicaciones",10722
2005-10-01,"Transporte, almacenamiento y comunicaciones",10958
2005-11-01,"Transporte, almacenamiento y comunicaciones",10913
2005-12-01,"Transporte, almacenamiento y comunicaciones",10972
2006-01-01,"Transporte, almacenamiento y comunicaciones",11020
2006-02-01,"Transporte, almacenamiento y comunicaciones",10841
2006-03-01,"Transporte, almacenamiento y comunicaciones",11161
2006-04-01,"Transporte, almacenamiento y comunicaciones",11135
2006-05-01,"Transporte, almacenamiento y comunicaciones",11402
2006-06-01,"Transporte, almacenamiento y comunicaciones",11652
2006-07-01,"Transporte, almacenamiento y comunicaciones",11761
2006-08-01,"Transporte, almacenamiento y comunicaciones",11654
2006-09-01,"Transporte, almacenamiento y comunicaciones",11547
2006-10-01,"Transporte, almacenamiento y comunicaciones",11782
2006-11-01,"Transporte, almacenamiento y comunicaciones",11837
2006-12-01,"Transporte, almacenamiento y comunicaciones",11728
2007-01-01,"Transporte, almacenamiento y comunicaciones",11713
2007-02-01,"Transporte, almacenamiento y comunicaciones",12864
2007-03-01,"Transporte, almacenamiento y comunicaciones",13295
2007-04-01,"Transporte, almacenamiento y comunicaciones",13155
2007-05-01,"Transporte, almacenamiento y comunicaciones",13207
2007-06-01,"Transporte, almacenamiento y comunicaciones",13272
2007-07-01,"Transporte, almacenamiento y comunicaciones",13468
2007-08-01,"Transporte, almacenamiento y comunicaciones",13650
2007-09-01,"Transporte, almacenamiento y comunicaciones",13736
2007-10-01,"Transporte, almacenamiento y comunicaciones",13919
2007-11-01,"Transporte, almacenamiento y comunicaciones",14244
2007-12-01,"Transporte, almacenamiento y comunicaciones",14376
2008-01-01,"Transporte, almacenamiento y comunicaciones",14460
2008-02-01,"Transporte, almacenamiento y comunicaciones",14784
2008-03-01,"Transporte, almacenamiento y comunicaciones",14838
2008-04-01,"Transporte, almacenamiento y comunicaciones",15184
2008-05-01,"Transporte, almacenamiento y comunicaciones",15392
2008-06-01,"Transporte, almacenamiento y comunicaciones",15473
2008-07-01,"Transporte, almacenamiento y comunicaciones",15862
2008-08-01,"Transporte, almacenamiento y comunicaciones",15921
2008-09-01,"Transporte, almacenamiento y comunicaciones",16343
2008-10-01,"Transporte, almacenamiento y comunicaciones",17012
2008-11-01,"Transporte, almacenamiento y comunicaciones",16803
2008-12-01,"Transporte, almacenamiento y comunicaciones",16684
2009-01-01,"Transporte, almacenamiento y comunicaciones",16414
2009-02-01,"Transporte, almacenamiento y comunicaciones",16547
2009-03-01,"Transporte, almacenamiento y comunicaciones",16659
2009-04-01,"Transporte, almacenamiento y comunicaciones",16800
2009-05-01,"Transporte, almacenamiento y comunicaciones",16987
2009-06-01,"Transporte, almacenamiento y comunicaciones",17237
2009-07-01,"Transporte, almacenamiento y comunicaciones",17081
2009-08-01,"Transporte, almacenamiento y comunicaciones",17171
2009-09-01,"Transporte, almacenamiento y comunicaciones",17187
2009-10-01,"Transporte, almacenamiento y comunicaciones",17232
2009-11-01,"Transporte, almacenamiento y comunicaciones",17465
2009-12-01,"Transporte, almacenamiento y comunicaciones",17420
2010-01-01,"Transporte, almacenamiento y comunicaciones",17494
2010-02-01,"Transporte, almacenamiento y comunicaciones",17434
2010-03-01,"Transporte, almacenamiento y comunicaciones",17777
2010-04-01,"Transporte, almacenamiento y comunicaciones",17813
2010-05-01,"Transporte, almacenamiento y comunicaciones",17695
2010-06-01,"Transporte, almacenamiento y comunicaciones",17898
2010-07-01,"Transporte, almacenamiento y comunicaciones",18069
2010-08-01,"Transporte, almacenamiento y comunicaciones",18234
2010-09-01,"Transporte, almacenamiento y comunicaciones",18318
2010-10-01,"Transporte, almacenamiento y comunicaciones",18550
2010-11-01,"Transporte, almacenamiento y comunicaciones",18829
2010-12-01,"Transporte, almacenamiento y comunicaciones",18768
2011-01-01,"Transporte, almacenamiento y comunicaciones",19041
2011-02-01,"Transporte, almacenamiento y comunicaciones",19169
2011-03-01,"Transporte, almacenamiento y comunicaciones",19241
2011-04-01,"Transporte, almacenamiento y comunicaciones",19404
2011-05-01,"Transporte, almacenamiento y comunicaciones",19563
2011-06-01,"Transporte, almacenamiento y comunicaciones",20039
2011-07-01,"Transporte, almacenamiento y comunicaciones",20291
2011-08-01,"Transporte, almacenamiento y comunicaciones",20794
2011-09-01,"Transporte, almacenamiento y comunicaciones",21181
2011-10-01,"Transporte, almacenamiento y comunicaciones",21568
2011-11-01,"Transporte, almacenamiento y comunicaciones",21687
2011-12-01,"Transporte, almacenamiento y comunicaciones",21798
2012-01-01,"Transporte, almacenamiento y comunicaciones",21861
2012-02-01,"Transporte, almacenamiento y comunicaciones",22107
2012-03-01,"Transporte, almacenamiento y comunicaciones",22138
2012-04-01,"Transporte, almacenamiento y comunicaciones",22227
2012-05-01,"Transporte, almacenamiento y comunicaciones",22369
2012-06-01,"Transporte, almacenamiento y comunicaciones",22560
2012-07-01,"Transporte, almacenamiento y comunicaciones",22921
2012-08-01,"Transporte, almacenamiento y comunicaciones",23145
2012-09-01,"Transporte, almacenamiento y comunicaciones",23536
2012-10-01,"Transporte, almacenamiento y comunicaciones",24127
2012-11-01,"Transporte, almacenamiento y comunicaciones",24355
2012-12-01,"Transporte, almacenamiento y comunicaciones",24214
2013-01-01,"Transporte, almacenamiento y comunicaciones",24337
2013-02-01,"Transporte, almacenamiento y comunicaciones",24467
2013-03-01,"Transporte, almacenamiento y comunicaciones",24392
2013-04-01,"Transporte, almacenamiento y comunicaciones",24791
2013-05-01,"Transporte, almacenamiento y comunicaciones",24913
2013-06-01,"Transporte, almacenamiento y comunicaciones",25192
2013-07-01,"Transporte, almacenamiento y comunicaciones",25403
2013-08-01,"Transporte, almacenamiento y comunicaciones",25853
2013-09-01,"Transporte, almacenamiento y comunicaciones",26137
2013-10-01,"Transporte, almacenamiento y comunicaciones",26679
2013-11-01,"Transporte, almacenamiento y comunicaciones",26724
2013-12-01,"Transporte, almacenamiento y comunicaciones",26533
2014-01-01,"Transporte, almacenamiento y comunicaciones",26530
2014-02-01,"Transporte, almacenamiento y comunicaciones",26217
2014-03-01,"Transporte, almacenamiento y comunicaciones",26383
2014-04-01,"Transporte, almacenamiento y comunicaciones",26049
2014-05-01,"Transporte, almacenamiento y comunicaciones",26018
2014-06-01,"Transporte, almacenamiento y comunicaciones",26258
2014-07-01,"Transporte, almacenamiento y comunicaciones",26394
2014-08-01,"Transporte, almacenamiento y comunicaciones",26890
2014-09-01,"Transporte, almacenamiento y comunicaciones",27201
2014-10-01,"Transporte, almacenamiento y comunicaciones",27869
2014-11-01,"Transporte, almacenamiento y comunicaciones",27878
2014-12-01,"Transporte, almacenamiento y comunicaciones",26755
2015-01-01,"Transporte, almacenamiento y comunicaciones",24514
2015-02-01,"Transporte, almacenamiento y comunicaciones",27700
2015-03-01,"Transporte, almacenamiento y comunicaciones",27997
2015-04-01,"Transporte, almacenamiento y comunicaciones",28176
2015-05-01,"Transporte, almacenamiento y comunicaciones",28392
2015-06-01,"Transporte, almacenamiento y comunicaciones",29039
2015-07-01,"Transporte, almacenamiento y comunicaciones",30013
2015-08-01,"Transporte, almacenamiento y comunicaciones",30433
2015-09-01,"Transporte, almacenamiento y comunicaciones",30867
2015-10-01,"Transporte, almacenamiento y comunicaciones",31610
2015-11-01,"Transporte, almacenamiento y comunicaciones",32105
2015-12-01,"Transporte, almacenamiento y comunicaciones",32492
2016-01-01,"Transporte, almacenamiento y comunicaciones",33083
2016-02-01,"Transporte, almacenamiento y comunicaciones",33806
2016-03-01,"Transporte, almacenamiento y comunicaciones",34336
2016-04-01,"Transporte, almacenamiento y comunicaciones",34451
2016-05-01,"Transporte, almacenamiento y comunicaciones",35093
2016-06-01,"Transporte, almacenamiento y comunicaciones",35482
2016-07-01,"Transporte, almacenamiento y comunicaciones",35877
2016-08-01,"Transporte, almacenamiento y comunicaciones",36086
2016-09-01,"Transporte, almacenamiento y comunicaciones",36122
2016-10-01,"Transporte, almacenamiento y comunicaciones",36518
2016-11-01,"Transporte, almacenamiento y comunicaciones",36451
2016-12-01,"Transporte, almacenamiento y comunicaciones",36222
2017-01-01,"Transporte, almacenamiento y comunicaciones",36328
2017-02-01,"Transporte, almacenamiento y comunicaciones",36809
2017-03-01,"Transporte, almacenamiento y comunicaciones",37492
2017-04-01,"Transporte, almacenamiento y comunicaciones",37193
2017-05-01,"Transporte, almacenamiento y comunicaciones",37350
2017-06-01,"Transporte, almacenamiento y comunicaciones",37276
2017-07-01,"Transporte, almacenamiento y comunicaciones",37539
2017-08-01,"Transporte, almacenamiento y comunicaciones",37706
2017-09-01,"Transporte, almacenamiento y comunicaciones",37849
2017-10-01,"Transporte, almacenamiento y comunicaciones",38046
2017-11-01,"Transporte, almacenamiento y comunicaciones",38043
2017-12-01,"Transporte, almacenamiento y comunicaciones",37631
2018-01-01,"Transporte, almacenamiento y comunicaciones",37706
2018-02-01,"Transporte, almacenamiento y comunicaciones",37068
2018-03-01,"Transporte, almacenamiento y comunicaciones",37029
2018-04-01,"Transporte, almacenamiento y comunicaciones",36322
2018-05-01,"Transporte, almacenamiento y comunicaciones",35515
2018-06-01,"Transporte, almacenamiento y comunicaciones",33797
2018-07-01,"Transporte, almacenamiento y comunicaciones",32228
2018-08-01,"Transporte, almacenamiento y comunicaciones",31738
2018-09-01,"Transporte, almacenamiento y comunicaciones",31799
2018-10-01,"Transporte, almacenamiento y comunicaciones",31682
2018-11-01,"Transporte, almacenamiento y comunicaciones",32152
2018-12-01,"Transporte, almacenamiento y comunicaciones",31548
2019-01-01,"Transporte, almacenamiento y comunicaciones",31666
2019-02-01,"Transporte, almacenamiento y comunicaciones",31521
2019-03-01,"Transporte, almacenamiento y comunicaciones",31037
2019-04-01,"Transporte, almacenamiento y comunicaciones",30861
2019-05-01,"Transporte, almacenamiento y comunicaciones",30791
2019-06-01,"Transporte, almacenamiento y comunicaciones",30788
2019-07-01,"Transporte, almacenamiento y comunicaciones",30592
2019-08-01,"Transporte, almacenamiento y comunicaciones",30447
2019-09-01,"Transporte, almacenamiento y comunicaciones",31028
2019-10-01,"Transporte, almacenamiento y comunicaciones",31479
2019-11-01,"Transporte, almacenamiento y comunicaciones",32104
2019-12-01,"Transporte, almacenamiento y comunicaciones",31870
2020-01-01,"Transporte, almacenamiento y comunicaciones",31903
2020-02-01,"Transporte, almacenamiento y comunicaciones",31968
2020-03-01,"Transporte, almacenamiento y comunicaciones",31638
2020-04-01,"Transporte, almacenamiento y comunicaciones",31641
2020-05-01,"Transporte, almacenamiento y comunicaciones",31356
2020-06-01,"Transporte, almacenamiento y comunicaciones",31392
2020-07-01,"Transporte, almacenamiento y comunicaciones",31214
2020-08-01,"Transporte, almacenamiento y comunicaciones",31345
2020-09-01,"Transporte, almacenamiento y comunicaciones",31830
2020-10-01,"Transporte, almacenamiento y comunicaciones",32433
2020-11-01,"Transporte, almacenamiento y comunicaciones",33079
2020-12-01,"Transporte, almacenamiento y comunicaciones",33514
2021-01-01,"Transporte, almacenamiento y comunicaciones",33617
2004-01-01,Financiero,24935
2004-02-01,Financiero,25039
2004-03-01,Financiero,25012
2004-04-01,Financiero,25088
2004-05-01,Financiero,25614
2004-06-01,Financiero,25868
2004-07-01,Financiero,26094
2004-08-01,Financiero,26241
2004-09-01,Financiero,26150
2004-10-01,Financiero,26406
2004-11-01,Financiero,26781
2004-12-01,Financiero,26884
2005-01-01,Financiero,26951
2005-02-01,Financiero,27240
2005-03-01,Financiero,27719
2005-04-01,Financiero,28264
2005-05-01,Financiero,30319
2005-06-01,Financiero,29993
2005-07-01,Financiero,30754
2005-08-01,Financiero,31283
2005-09-01,Financiero,31857
2005-10-01,Financiero,32368
2005-11-01,Financiero,32792
2005-12-01,Financiero,32596
2006-01-01,Financiero,32884
2006-02-01,Financiero,32901
2006-03-01,Financiero,33644
2006-04-01,Financiero,34016
2006-05-01,Financiero,35088
2006-06-01,Financiero,35472
2006-07-01,Financiero,35722
2006-08-01,Financiero,36407
2006-09-01,Financiero,36950
2006-10-01,Financiero,37361
2006-11-01,Financiero,38161
2006-12-01,Financiero,38035
2007-01-01,Financiero,38122
2007-02-01,Financiero,38870
2007-03-01,Financiero,39810
2007-04-01,Financiero,40153
2007-05-01,Financiero,41183
2007-06-01,Financiero,41063
2007-07-01,Financiero,41186
2007-08-01,Financiero,41867
2007-09-01,Financiero,42235
2007-10-01,Financiero,42655
2007-11-01,Financiero,42958
2007-12-01,Financiero,42433
2008-01-01,Financiero,42800
2008-02-01,Financiero,43287
2008-03-01,Financiero,43444
2008-04-01,Financiero,44106
2008-05-01,Financiero,44518
2008-06-01,Financiero,44869
2008-07-01,Financiero,45662
2008-08-01,Financiero,46137
2008-09-01,Financiero,46100
2008-10-01,Financiero,46472
2008-11-01,Financiero,46268
2008-12-01,Financiero,45769
2009-01-01,Financiero,45467
2009-02-01,Financiero,44999
2009-03-01,Financiero,45167
2009-04-01,Financiero,44597
2009-05-01,Financiero,45081
2009-06-01,Financiero,45847
2009-07-01,Financiero,46177
2009-08-01,Financiero,46106
2009-09-01,Financiero,46416
2009-10-01,Financiero,46722
2009-11-01,Financiero,46427
2009-12-01,Financiero,46551
2010-01-01,Financiero,46814
2010-02-01,Financiero,49524
2010-03-01,Financiero,49813
2010-04-01,Financiero,49875
2010-05-01,Financiero,49685
2010-06-01,Financiero,49628
2010-07-01,Financiero,49315
2010-08-01,Financiero,49570
2010-09-01,Financiero,49383
2010-10-01,Financiero,49411
2010-11-01,Financiero,50381
2010-12-01,Financiero,50530
2011-01-01,Financiero,50918
2011-02-01,Financiero,51267
2011-03-01,Financiero,51789
2011-04-01,Financiero,51560
2011-05-01,Financiero,52222
2011-06-01,Financiero,53346
2011-07-01,Financiero,52726
2011-08-01,Financiero,53929
2011-09-01,Financiero,54236
2011-10-01,Financiero,54976
2011-11-01,Financiero,55466
2011-12-01,Financiero,55195
2012-01-01,Financiero,55449
2012-02-01,Financiero,55888
2012-03-01,Financiero,56481
2012-04-01,Financiero,56326
2012-05-01,Financiero,56463
2012-06-01,Financiero,56743
2012-07-01,Financiero,57157
2012-08-01,Financiero,57467
2012-09-01,Financiero,57904
2012-10-01,Financiero,58754
2012-11-01,Financiero,58961
2012-12-01,Financiero,58799
2013-01-01,Financiero,58984
2013-02-01,Financiero,59651
2013-03-01,Financiero,60201
2013-04-01,Financiero,60830
2013-05-01,Financiero,61232
2013-06-01,Financiero,61146
2013-07-01,Financiero,61560
2013-08-01,Financiero,61531
2013-09-01,Financiero,61671
2013-10-01,Financiero,62367
2013-11-01,Financiero,62495
2013-12-01,Financiero,62000
2014-01-01,Financiero,62252
2014-02-01,Financiero,62608
2014-03-01,Financiero,63350
2014-04-01,Financiero,63487
2014-05-01,Financiero,63864
2014-06-01,Financiero,63780
2014-07-01,Financiero,64326
2014-08-01,Financiero,64440
2014-09-01,Financiero,64351
2014-10-01,Financiero,65447
2014-11-01,Financiero,66191
2014-12-01,Financiero,67195
2015-01-01,Financiero,66488
2015-02-01,Financiero,67758
2015-03-01,Financiero,68690
2015-04-01,Financiero,68631
2015-05-01,Financiero,69261
2015-06-01,Financiero,72474
2015-07-01,Financiero,74847
2015-08-01,Financiero,76012
2015-09-01,Financiero,76579
2015-10-01,Financiero,78072
2015-11-01,Financiero,79067
2015-12-01,Financiero,78981
2016-01-01,Financiero,79872
2016-02-01,Financiero,80596
2016-03-01,Financiero,81093
2016-04-01,Financiero,81828
2016-05-01,Financiero,82576
2016-06-01,Financiero,83383
2016-07-01,Financiero,83877
2016-08-01,Financiero,84464
2016-09-01,Financiero,84638
2016-10-01,Financiero,85651
2016-11-01,Financiero,86109
2016-12-01,Financiero,85479
2017-01-01,Financiero,85763
2017-02-01,Financiero,85372
2017-03-01,Financiero,86074
2017-04-01,Financiero,86365
2017-05-01,Financiero,86434
2017-06-01,Financiero,86860
2017-07-01,Financiero,86898
2017-08-01,Financiero,87840
2017-09-01,Financiero,88313
2017-10-01,Financiero,89122
2017-11-01,Financiero,89272
2017-12-01,Financiero,88523
2018-01-01,Financiero,87841
2018-02-01,Financiero,87198
2018-03-01,Financiero,87309
2018-04-01,Financiero,85694
2018-05-01,Financiero,84390
2018-06-01,Financiero,81577
2018-07-01,Financiero,77613
2018-08-01,Financiero,75488
2018-09-01,Financiero,74021
2018-10-01,Financiero,74098
2018-11-01,Financiero,73064
2018-12-01,Financiero,72257
2019-01-01,Financiero,71508
2019-02-01,Financiero,70751
2019-03-01,Financiero,70338
2019-04-01,Financiero,68880
2019-05-01,Financiero,68659
2019-06-01,Financiero,68273
2019-07-01,Financiero,67731
2019-08-01,Financiero,68066
2019-09-01,Financiero,67674
2019-10-01,Financiero,68316
2019-11-01,Financiero,68669
2019-12-01,Financiero,68307
2020-01-01,Financiero,68345
2020-02-01,Financiero,68291
2020-03-01,Financiero,69152
2020-04-01,Financiero,67501
2020-05-01,Financiero,66483
2020-06-01,Financiero,65850
2020-07-01,Financiero,65208
2020-08-01,Financiero,65860
2020-09-01,Financiero,66264
2020-10-01,Financiero,67042
2020-11-01,Financiero,67849
2020-12-01,Financiero,67713
2021-01-01,Financiero,67927
2004-01-01,"Servicios comunales, sociales y personales",133134
2004-02-01,"Servicios comunales, sociales y personales",134848
2004-03-01,"Servicios comunales, sociales y personales",138061
2004-04-01,"Servicios comunales, sociales y personales",138673
2004-05-01,"Servicios comunales, sociales y personales",139794
2004-06-01,"Servicios comunales, sociales y personales",140376
2004-07-01,"Servicios comunales, sociales y personales",140335
2004-08-01,"Servicios comunales, sociales y personales",141345
2004-09-01,"Servicios comunales, sociales y personales",143276
2004-10-01,"Servicios comunales, sociales y personales",143942
2004-11-01,"Servicios comunales, sociales y personales",144614
2004-12-01,"Servicios comunales, sociales y personales",142328
2005-01-01,"Servicios comunales, sociales y personales",139628
2005-02-01,"Servicios comunales, sociales y personales",142137
2005-03-01,"Servicios comunales, sociales y personales",145577
2005-04-01,"Servicios comunales, sociales y personales",147479
2005-05-01,"Servicios comunales, sociales y personales",146266
2005-06-01,"Servicios comunales, sociales y personales",146454
2005-07-01,"Servicios comunales, sociales y personales",147649
2005-08-01,"Servicios comunales, sociales y personales",148692
2005-09-01,"Servicios comunales, sociales y personales",149626
2005-10-01,"Servicios comunales, sociales y personales",150597
2005-11-01,"Servicios comunales, sociales y personales",151490
2005-12-01,"Servicios comunales, sociales y personales",149765
2006-01-01,"Servicios comunales, sociales y personales",146943
2006-02-01,"Servicios comunales, sociales y personales",149839
2006-03-01,"Servicios comunales, sociales y personales",152310
2006-04-01,"Servicios comunales, sociales y personales",154107
2006-05-01,"Servicios comunales, sociales y personales",155855
2006-06-01,"Servicios comunales, sociales y personales",157290
2006-07-01,"Servicios comunales, sociales y personales",158048
2006-08-01,"Servicios comunales, sociales y personales",159201
2006-09-01,"Servicios comunales, sociales y personales",160434
2006-10-01,"Servicios comunales, sociales y personales",160729
2006-11-01,"Servicios comunales, sociales y personales",166318
2006-12-01,"Servicios comunales, sociales y personales",164125
2007-01-01,"Servicios comunales, sociales y personales",162265
2007-02-01,"Servicios comunales, sociales y personales",163506
2007-03-01,"Servicios comunales, sociales y personales",166563
2007-04-01,"Servicios comunales, sociales y personales",167529
2007-05-01,"Servicios comunales, sociales y personales",169102
2007-06-01,"Servicios comunales, sociales y personales",171746
2007-07-01,"Servicios comunales, sociales y personales",168995
2007-08-01,"Servicios comunales, sociales y personales",171329
2007-09-01,"Servicios comunales, sociales y personales",172459
2007-10-01,"Servicios comunales, sociales y personales",175089
2007-11-01,"Servicios comunales, sociales y personales",177227
2007-12-01,"Servicios comunales, sociales y personales",174833
2008-01-01,"Servicios comunales, sociales y personales",174164
2008-02-01,"Servicios comunales, sociales y personales",176246
2008-03-01,"Servicios comunales, sociales y personales",178571
2008-04-01,"Servicios comunales, sociales y personales",181705
2008-05-01,"Servicios comunales, sociales y personales",183633
2008-06-01,"Servicios comunales, sociales y personales",185359
2008-07-01,"Servicios comunales, sociales y personales",187518
2008-08-01,"Servicios comunales, sociales y personales",189845
2008-09-01,"Servicios comunales, sociales y personales",191108
2008-10-01,"Servicios comunales, sociales y personales",193078
2008-11-01,"Servicios comunales, sociales y personales",193440
2008-12-01,"Servicios comunales, sociales y personales",190692
2009-01-01,"Servicios comunales, sociales y personales",187483
2009-02-01,"Servicios comunales, sociales y personales",189235
2009-03-01,"Servicios comunales, sociales y personales",192159
2009-04-01,"Servicios comunales, sociales y personales",193203
2009-05-01,"Servicios comunales, sociales y personales",194059
2009-06-01,"Servicios comunales, sociales y personales",196229
2009-07-01,"Servicios comunales, sociales y personales",196661
2009-08-01,"Servicios comunales, sociales y personales",196655
2009-09-01,"Servicios comunales, sociales y personales",196851
2009-10-01,"Servicios comunales, sociales y personales",198053
2009-11-01,"Servicios comunales, sociales y personales",197113
2009-12-01,"Servicios comunales, sociales y personales",196366
2010-01-01,"Servicios comunales, sociales y personales",194280
2010-02-01,"Servicios comunales, sociales y personales",194906
2010-03-01,"Servicios comunales, sociales y personales",197997
2010-04-01,"Servicios comunales, sociales y personales",199055
2010-05-01,"Servicios comunales, sociales y personales",199817
2010-06-01,"Servicios comunales, sociales y personales",202117
2010-07-01,"Servicios comunales, sociales y personales",201862
2010-08-01,"Servicios comunales, sociales y personales",202977
2010-09-01,"Servicios comunales, sociales y personales",203626
2010-10-01,"Servicios comunales, sociales y personales",204596
2010-11-01,"Servicios comunales, sociales y personales",204775
2010-12-01,"Servicios comunales, sociales y personales",201443
2011-01-01,"Servicios comunales, sociales y personales",198414
2011-02-01,"Servicios comunales, sociales y personales",200702
2011-03-01,"Servicios comunales, sociales y personales",205738
2011-04-01,"Servicios comunales, sociales y personales",207894
2011-05-01,"Servicios comunales, sociales y personales",209881
2011-06-01,"Servicios comunales, sociales y personales",211547
2011-07-01,"Servicios comunales, sociales y personales",211013
2011-08-01,"Servicios comunales, sociales y personales",212452
2011-09-01,"Servicios comunales, sociales y personales",212697
2011-10-01,"Servicios comunales, sociales y personales",212676
2011-11-01,"Servicios comunales, sociales y personales",213426
2011-12-01,"Servicios comunales, sociales y personales",209429
2012-01-01,"Servicios comunales, sociales y personales",207194
2012-02-01,"Servicios comunales, sociales y personales",209693
2012-03-01,"Servicios comunales, sociales y personales",212255
2012-04-01,"Servicios comunales, sociales y personales",214891
2012-05-01,"Servicios comunales, sociales y personales",216405
2012-06-01,"Servicios comunales, sociales y personales",217548
2012-07-01,"Servicios comunales, sociales y personales",218202
2012-08-01,"Servicios comunales, sociales y personales",219613
2012-09-01,"Servicios comunales, sociales y personales",220056
2012-10-01,"Servicios comunales, sociales y personales",221462
2012-11-01,"Servicios comunales, sociales y personales",221412
2012-12-01,"Servicios comunales, sociales y personales",218102
2013-01-01,"Servicios comunales, sociales y personales",216282
2013-02-01,"Servicios comunales, sociales y personales",222390
2013-03-01,"Servicios comunales, sociales y personales",223695
2013-04-01,"Servicios comunales, sociales y personales",226979
2013-05-01,"Servicios comunales, sociales y personales",228837
2013-06-01,"Servicios comunales, sociales y personales",229295
2013-07-01,"Servicios comunales, sociales y personales",230097
2013-08-01,"Servicios comunales, sociales y personales",230822
2013-09-01,"Servicios comunales, sociales y personales",232344
2013-10-01,"Servicios comunales, sociales y personales",233959
2013-11-01,"Servicios comunales, sociales y personales",233512
2013-12-01,"Servicios comunales, sociales y personales",229241
2014-01-01,"Servicios comunales, sociales y personales",226189
2014-02-01,"Servicios comunales, sociales y personales",230771
2014-03-01,"Servicios comunales, sociales y personales",233854
2014-04-01,"Servicios comunales, sociales y personales",235309
2014-05-01,"Servicios comunales, sociales y personales",237557
2014-06-01,"Servicios comunales, sociales y personales",238762
2014-07-01,"Servicios comunales, sociales y personales",237659
2014-08-01,"Servicios comunales, sociales y personales",238827
2014-09-01,"Servicios comunales, sociales y personales",239355
2014-10-01,"Servicios comunales, sociales y personales",239836
2014-11-01,"Servicios comunales, sociales y personales",239586
2014-12-01,"Servicios comunales, sociales y personales",234927
2015-01-01,"Servicios comunales, sociales y personales",229286
2015-02-01,"Servicios comunales, sociales y personales",234758
2015-03-01,"Servicios comunales, sociales y personales",239061
2015-04-01,"Servicios comunales, sociales y personales",241147
2015-05-01,"Servicios comunales, sociales y personales",243900
2015-06-01,"Servicios comunales, sociales y personales",253915
2015-07-01,"Servicios comunales, sociales y personales",260210
2015-08-01,"Servicios comunales, sociales y personales",264207
2015-09-01,"Servicios comunales, sociales y personales",267618
2015-10-01,"Servicios comunales, sociales y personales",270908
2015-11-01,"Servicios comunales, sociales y personales",272078
2015-12-01,"Servicios comunales, sociales y personales",268494
2016-01-01,"Servicios comunales, sociales y personales",267460
2016-02-01,"Servicios comunales, sociales y personales",275363
2016-03-01,"Servicios comunales, sociales y personales",282593
2016-04-01,"Servicios comunales, sociales y personales",287388
2016-05-01,"Servicios comunales, sociales y personales",290902
2016-06-01,"Servicios comunales, sociales y personales",293572
2016-07-01,"Servicios comunales, sociales y personales",294392
2016-08-01,"Servicios comunales, sociales y personales",297624
2016-09-01,"Servicios comunales, sociales y personales",298318
2016-10-01,"Servicios comunales, sociales y personales",298495
2016-11-01,"Servicios comunales, sociales y personales",298029
2016-12-01,"Servicios comunales, sociales y personales",293262
2017-01-01,"Servicios comunales, sociales y personales",291695
2017-02-01,"Servicios comunales, sociales y personales",298312
2017-03-01,"Servicios comunales, sociales y personales",304253
2017-04-01,"Servicios comunales, sociales y personales",306962
2017-05-01,"Servicios comunales, sociales y personales",310698
2017-06-01,"Servicios comunales, sociales y personales",312825
2017-07-01,"Servicios comunales, sociales y personales",313940
2017-08-01,"Servicios comunales, sociales y personales",314595
2017-09-01,"Servicios comunales, sociales y personales",315018
2017-10-01,"Servicios comunales, sociales y personales",313955
2017-11-01,"Servicios comunales, sociales y personales",310998
2017-12-01,"Servicios comunales, sociales y personales",303926
2018-01-01,"Servicios comunales, sociales y personales",297823
2018-02-01,"Servicios comunales, sociales y personales",299790
2018-03-01,"Servicios comunales, sociales y personales",298622
2018-04-01,"Servicios comunales, sociales y personales",296359
2018-05-01,"Servicios comunales, sociales y personales",290953
2018-06-01,"Servicios comunales, sociales y personales",282684
2018-07-01,"Servicios comunales, sociales y personales",276234
2018-08-01,"Servicios comunales, sociales y personales",273959
2018-09-01,"Servicios comunales, sociales y personales",272154
2018-10-01,"Servicios comunales, sociales y personales",273071
2018-11-01,"Servicios comunales, sociales y personales",272265
2018-12-01,"Servicios comunales, sociales y personales",267336
2019-01-01,"Servicios comunales, sociales y personales",265095
2019-02-01,"Servicios comunales, sociales y personales",268429
2019-03-01,"Servicios comunales, sociales y personales",269147
2019-04-01,"Servicios comunales, sociales y personales",268996
2019-05-01,"Servicios comunales, sociales y personales",269345
2019-06-01,"Servicios comunales, sociales y personales",269290
2019-07-01,"Servicios comunales, sociales y personales",268776
2019-08-01,"Servicios comunales, sociales y personales",269368
2019-09-01,"Servicios comunales, sociales y personales",268518
2019-10-01,"Servicios comunales, sociales y personales",268915
2019-11-01,"Servicios comunales, sociales y personales",267668
2019-12-01,"Servicios comunales, sociales y personales",264013
2020-01-01,"Servicios comunales, sociales y personales",262126
2020-02-01,"Servicios comunales, sociales y personales",267048
2020-03-01,"Servicios comunales, sociales y personales",269659
2020-04-01,"Servicios comunales, sociales y personales",267019
2020-05-01,"Servicios comunales, sociales y personales",265790
2020-06-01,"Servicios comunales, sociales y personales",263101
2020-07-01,"Servicios comunales, sociales y personales",260077
2020-08-01,"Servicios comunales, sociales y personales",260222
2020-09-01,"Servicios comunales, sociales y personales",260786
2020-10-01,"Servicios comunales, sociales y personales",261188
2020-11-01,"Servicios comunales, sociales y personales",261463
2020-12-01,"Servicios comunales, sociales y personales",260197
2021-01-01,"Servicios comunales, sociales y personales",257366
2004-01-01,Actividades no específicas,54
2004-02-01,Actividades no específicas,59
2004-03-01,Actividades no específicas,57
2004-04-01,Actividades no específicas,59
2004-05-01,Actividades no específicas,59
2004-06-01,Actividades no específicas,60
2004-07-01,Actividades no específicas,63
2004-08-01,Actividades no específicas,22
2004-09-01,Actividades no específicas,22
2004-10-01,Actividades no específicas,20
2004-11-01,Actividades no específicas,18
2004-12-01,Actividades no específicas,15
2005-01-01,Actividades no específicas,16
2005-02-01,Actividades no específicas,19
2005-03-01,Actividades no específicas,15
2005-04-01,Actividades no específicas,17
2005-05-01,Actividades no específicas,0
2005-06-01,Actividades no específicas,2
2005-07-01,Actividades no específicas,2
2005-08-01,Actividades no específicas,2
2005-09-01,Actividades no específicas,2
2005-10-01,Actividades no específicas,2
2005-11-01,Actividades no específicas,2
2005-12-01,Actividades no específicas,2
2006-01-01,Actividades no específicas,2
2006-02-01,Actividades no específicas,2
2006-03-01,Actividades no específicas,2
2006-04-01,Actividades no específicas,2
2006-05-01,Actividades no específicas,2
2006-06-01,Actividades no específicas,2
2006-07-01,Actividades no específicas,2
2006-08-01,Actividades no específicas,2
2006-09-01,Actividades no específicas,2
2006-10-01,Actividades no específicas,2
2006-11-01,Actividades no específicas,2
2006-12-01,Actividades no específicas,2
2007-01-01,Actividades no específicas,2
2007-02-01,Actividades no específicas,1
2007-03-01,Actividades no específicas,2
2007-04-01,Actividades no específicas,0
2007-05-01,Actividades no específicas,0
2007-06-01,Actividades no específicas,0
2007-07-01,Actividades no específicas,0
2007-08-01,Actividades no específicas,0
2007-09-01,Actividades no específicas,0
2007-10-01,Actividades no específicas,0
2007-11-01,Actividades no específicas,0
2007-12-01,Actividades no específicas,0
2008-01-01,Actividades no específicas,0
2008-02-01,Actividades no específicas,0
2008-03-01,Actividades no específicas,0
2008-04-01,Actividades no específicas,0
2008-05-01,Actividades no específicas,0
2008-06-01,Actividades no específicas,0
2008-07-01,Actividades no específicas,0
2008-08-01,Actividades no específicas,0
2008-09-01,Actividades no específicas,0
2008-10-01,Actividades no específicas,0
2008-11-01,Actividades no específicas,0
2008-12-01,Actividades no específicas,0
2009-01-01,Actividades no específicas,0
2009-02-01,Actividades no específicas,0
2009-03-01,Actividades no específicas,0
2009-04-01,Actividades no específicas,0
2009-05-01,Actividades no específicas,0
2009-06-01,Actividades no específicas,0
2009-07-01,Actividades no específicas,0
2009-08-01,Actividades no específicas,0
2009-09-01,Actividades no específicas,0
2009-10-01,Actividades no específicas,0
2009-11-01,Actividades no específicas,0
2009-12-01,Actividades no específicas,0
2010-01-01,Actividades no específicas,0
2010-02-01,Actividades no específicas,0
2010-03-01,Actividades no específicas,0
2010-04-01,Actividades no específicas,0
2010-05-01,Actividades no específicas,0
2010-06-01,Actividades no específicas,0
2010-07-01,Actividades no específicas,0
2010-08-01,Actividades no específicas,0
2010-09-01,Actividades no específicas,0
2010-10-01,Actividades no específicas,0
2010-11-01,Actividades no específicas,0
2010-12-01,Actividades no específicas,0
2011-01-01,Actividades no específicas,0
2011-02-01,Actividades no específicas,0
2011-03-01,Actividades no específicas,0
2011-04-01,Actividades no específicas,0
2011-05-01,Actividades no específicas,0
2011-06-01,Actividades no específicas,0
2011-07-01,Actividades no específicas,0
2011-08-01,Actividades no específicas,0
2011-09-01,Actividades no específicas,0
2011-10-01,Actividades no específicas,0
2011-11-01,Actividades no específicas,0
2011-12-01,Actividades no específicas,0
2012-01-01,Actividades no específicas,0
2012-02-01,Actividades no específicas,0
2012-03-01,Actividades no específicas,0
2012-04-01,Actividades no específicas,0
2012-05-01,Actividades no específicas,0
2012-06-01,Actividades no específicas,0
2012-07-01,Actividades no específicas,0
2012-08-01,Actividades no específicas,0
2012-09-01,Actividades no específicas,0
2012-10-01,Actividades no específicas,0
2012-11-01,Actividades no específicas,0
2012-12-01,Actividades no específicas,0
2013-01-01,Actividades no específicas,0
2013-02-01,Actividades no específicas,0
2013-03-01,Actividades no específicas,0
2013-04-01,Actividades no específicas,0
2013-05-01,Actividades no específicas,0
2013-06-01,Actividades no específicas,0
2013-07-01,Actividades no específicas,0
2013-08-01,Actividades no específicas,0
2013-09-01,Actividades no específicas,0
2013-10-01,Actividades no específicas,0
2013-11-01,Actividades no específicas,0
2013-12-01,Actividades no específicas,0
2014-01-01,Actividades no específicas,0
2014-02-01,Actividades no específicas,0
2014-03-01,Actividades no específicas,0
2014-04-01,Actividades no específicas,0
2014-05-01,Actividades no específicas,0
2014-06-01,Actividades no específicas,0
2014-07-01,Actividades no específicas,0
2014-08-01,Actividades no específicas,0
2014-09-01,Actividades no específicas,0
2014-10-01,Actividades no específicas,0
2014-11-01,Actividades no específicas,0
2014-12-01,Actividades no específicas,0
2015-01-01,Actividades no específicas,0
2015-02-01,Actividades no específicas,0
2015-03-01,Actividades no específicas,0
2015-04-01,Actividades no específicas,0
2015-05-01,Actividades no específicas,0
2015-06-01,Actividades no específicas,0
2015-07-01,Actividades no específicas,0
2015-08-01,Actividades no específicas,0
2015-09-01,Actividades no específicas,0
2015-10-01,Actividades no específicas,0
2015-11-01,Actividades no específicas,0
2015-12-01,Actividades no específicas,0
2016-01-01,Actividades no específicas,0
2016-02-01,Actividades no específicas,0
2016-03-01,Actividades no específicas,0
2016-04-01,Actividades no específicas,0
2016-05-01,Actividades no específicas,0
2016-06-01,Actividades no específicas,0
2016-07-01,Actividades no específicas,0
2016-08-01,Actividades no específicas,0
2016-09-01,Actividades no específicas,0
2016-10-01,Actividades no específicas,0
2016-11-01,Actividades no específicas,0
2016-12-01,Actividades no específicas,0
2017-01-01,Actividades no específicas,0
2017-02-01,Actividades no específicas,0
2017-03-01,Actividades no específicas,0
2017-04-01,Actividades no específicas,0
2017-05-01,Actividades no específicas,0
2017-06-01,Actividades no específicas,0
2017-07-01,Actividades no específicas,0
2017-08-01,Actividades no específicas,0
2017-09-01,Actividades no específicas,0
2017-10-01,Actividades no específicas,0
2017-11-01,Actividades no específicas,0
2017-12-01,Actividades no específicas,0
2018-01-01,Actividades no específicas,0
2018-02-01,Actividades no específicas,0
2018-03-01,Actividades no específicas,0
2018-04-01,Actividades no específicas,0
2018-05-01,Actividades no específicas,0
2018-06-01,Actividades no específicas,0
2018-07-01,Actividades no específicas,0
2018-08-01,Actividades no específicas,0
2018-09-01,Actividades no específicas,0
2018-10-01,Actividades no específicas,0
2018-11-01,Actividades no específicas,0
2018-12-01,Actividades no específicas,0
2019-01-01,Actividades no específicas,0
2019-02-01,Actividades no específicas,0
2019-03-01,Actividades no específicas,0
2019-04-01,Actividades no específicas,0
2019-05-01,Actividades no específicas,0
2019-06-01,Actividades no específicas,0
2019-07-01,Actividades no específicas,0
2019-08-01,Actividades no específicas,0
2019-09-01,Actividades no específicas,0
2019-10-01,Actividades no específicas,0
2019-11-01,Actividades no específicas,0
2019-12-01,Actividades no específicas,0
2020-01-01,Actividades no específicas,0
2020-02-01,Actividades no específicas,0
2020-03-01,Actividades no específicas,0
2020-04-01,Actividades no específicas,0
2020-05-01,Actividades no específicas,0
2020-06-01,Actividades no específicas,0
2020-07-01,Actividades no específicas,0
2020-08-01,Actividades no específicas,0
2020-09-01,Actividades no específicas,0
2020-10-01,Actividades no específicas,0
2020-11-01,Actividades no específicas,0
2020-12-01,Actividades no específicas,0
2021-01-01,Actividades no específicas,0
2004-01-01,Total,332061
2004-02-01,Total,334993
2004-03-01,Total,339998
2004-04-01,Total,339716
2004-05-01,Total,345671
2004-06-01,Total,348110
2004-07-01,Total,348899
2004-08-01,Total,350418
2004-09-01,Total,353035
2004-10-01,Total,357586
2004-11-01,Total,365402
2004-12-01,Total,363127
2005-01-01,Total,366081
2005-02-01,Total,368194
2005-03-01,Total,371437
2005-04-01,Total,376132
2005-05-01,Total,374510
2005-06-01,Total,375082
2005-07-01,Total,380825
2005-08-01,Total,383736
2005-09-01,Total,383620
2005-10-01,Total,389312
2005-11-01,Total,397456
2005-12-01,Total,395885
2006-01-01,Total,400409
2006-02-01,Total,403465
2006-03-01,Total,407873
2006-04-01,Total,409133
2006-05-01,Total,413575
2006-06-01,Total,418330
2006-07-01,Total,424475
2006-08-01,Total,425985
2006-09-01,Total,428378
2006-10-01,Total,431009
2006-11-01,Total,442160
2006-12-01,Total,439002
2007-01-01,Total,441163
2007-02-01,Total,444045
2007-03-01,Total,451299
2007-04-01,Total,449689
2007-05-01,Total,458540
2007-06-01,Total,457624
2007-07-01,Total,456969
2007-08-01,Total,461487
2007-09-01,Total,462773
2007-10-01,Total,467358
2007-11-01,Total,480534
2007-12-01,Total,476138
2008-01-01,Total,482155
2008-02-01,Total,487855
2008-03-01,Total,489165
2008-04-01,Total,493238
2008-05-01,Total,493362
2008-06-01,Total,494114
2008-07-01,Total,497435
2008-08-01,Total,497448
2008-09-01,Total,495274
2008-10-01,Total,498699
2008-11-01,Total,495996
2008-12-01,Total,495585
2009-01-01,Total,496040
2009-02-01,Total,497538
2009-03-01,Total,500136
2009-04-01,Total,494704
2009-05-01,Total,502918
2009-06-01,Total,502575
2009-07-01,Total,501922
2009-08-01,Total,506073
2009-09-01,Total,503222
2009-10-01,Total,507263
2009-11-01,Total,515575
2009-12-01,Total,516376
2010-01-01,Total,521007
2010-02-01,Total,527380
2010-03-01,Total,530383
2010-04-01,Total,530741
2010-05-01,Total,533720
2010-06-01,Total,536260
2010-07-01,Total,535961
2010-08-01,Total,537046
2010-09-01,Total,533620
2010-10-01,Total,538832
2010-11-01,Total,545926
2010-12-01,Total,547693
2011-01-01,Total,553971
2011-02-01,Total,559946
2011-03-01,Total,569982
2011-04-01,Total,572455
2011-05-01,Total,575089
2011-06-01,Total,582123
2011-07-01,Total,578241
2011-08-01,Total,583245
2011-09-01,Total,583896
2011-10-01,Total,585530
2011-11-01,Total,599270
2011-12-01,Total,596328
2012-01-01,Total,603160
2012-02-01,Total,612813
2012-03-01,Total,616574
2012-04-01,Total,616036
2012-05-01,Total,626015
2012-06-01,Total,622641
2012-07-01,Total,623115
2012-08-01,Total,624644
2012-09-01,Total,624099
2012-10-01,Total,627408
2012-11-01,Total,641451
2012-12-01,Total,643538
2013-01-01,Total,651130
2013-02-01,Total,661617
2013-03-01,Total,664051
2013-04-01,Total,669625
2013-05-01,Total,673951
2013-06-01,Total,675391
2013-07-01,Total,676207
2013-08-01,Total,678861
2013-09-01,Total,673116
2013-10-01,Total,677667
2013-11-01,Total,692167
2013-12-01,Total,687804
2014-01-01,Total,690870
2014-02-01,Total,698226
2014-03-01,Total,705692
2014-04-01,Total,702076
2014-05-01,Total,711910
2014-06-01,Total,709019
2014-07-01,Total,709240
2014-08-01,Total,710907
2014-09-01,Total,710087
2014-10-01,Total,716037
2014-11-01,Total,731774
2014-12-01,Total,725014
2015-01-01,Total,732885
2015-02-01,Total,743822
2015-03-01,Total,753626
2015-04-01,Total,755434
2015-05-01,Total,769880
2015-06-01,Total,770317
2015-07-01,Total,774810
2015-08-01,Total,781638
2015-09-01,Total,784168
2015-10-01,Total,795991
2015-11-01,Total,807678
2015-12-01,Total,810654
2016-01-01,Total,824865
2016-02-01,Total,835631
2016-03-01,Total,843199
2016-04-01,Total,855508
2016-05-01,Total,858506
2016-06-01,Total,860588
2016-07-01,Total,859659
2016-08-01,Total,863117
2016-09-01,Total,860965
2016-10-01,Total,868960
2016-11-01,Total,877605
2016-12-01,Total,878019
2017-01-01,Total,889877
2017-02-01,Total,902897
2017-03-01,Total,910621
2017-04-01,Total,914276
2017-05-01,Total,919770
2017-06-01,Total,921102
2017-07-01,Total,919469
2017-08-01,Total,919724
2017-09-01,Total,918668
2017-10-01,Total,918821
2017-11-01,Total,921328
2017-12-01,Total,913797
2018-01-01,Total,911104
2018-02-01,Total,904957
2018-03-01,Total,896869
2018-04-01,Total,878500
2018-05-01,Total,853396
2018-06-01,Total,810430
2018-07-01,Total,777302
2018-08-01,Total,762522
2018-09-01,Total,754688
2018-10-01,Total,754109
2018-11-01,Total,760998
2018-12-01,Total,755874
2019-01-01,Total,757808
2019-02-01,Total,755908
2019-03-01,Total,752052
2019-04-01,Total,742137
2019-05-01,Total,740805
2019-06-01,Total,731691
2019-07-01,Total,726366
2019-08-01,Total,722606
2019-09-01,Total,716543
2019-10-01,Total,720496
2019-11-01,Total,729389
2019-12-01,Total,727025
2020-01-01,Total,734093
2020-02-01,Total,742610
2020-03-01,Total,739584
2020-04-01,Total,719868
2020-05-01,Total,708645
2020-06-01,Total,696953
2020-07-01,Total,693476
2020-08-01,Total,695867
2020-09-01,Total,696825
2020-10-01,Total,707913
2020-11-01,Total,714540
2020-12-01,Total,723206
2021-01-01,Total,736751
