date,var,amount,type
2006-01-01,Asegurados INSS,4103.0056,Nominal
2006-02-01,Asegurados INSS,4051.9478,Nominal
2006-03-01,Asegurados INSS,4150.4722,Nominal
2006-04-01,Asegurados INSS,4213.2791,Nominal
2006-05-01,Asegurados INSS,4121.3832,Nominal
2006-06-01,Asegurados INSS,4123.5516,Nominal
2006-07-01,Asegurados INSS,4294.1,Nominal
2006-08-01,Asegurados INSS,4253.51,Nominal
2006-09-01,Asegurados INSS,4245.26,Nominal
2006-10-01,Asegurados INSS,4197,Nominal
2006-11-01,Asegurados INSS,4215.78,Nominal
2006-12-01,Asegurados INSS,4486.802,Nominal
2007-01-01,Asegurados INSS,4400.624,Nominal
2007-02-01,Asegurados INSS,4301.46,Nominal
2007-03-01,Asegurados INSS,4455.29,Nominal
2007-04-01,Asegurados INSS,4457.24,Nominal
2007-05-01,Asegurados INSS,4422.68,Nominal
2007-06-01,Asegurados INSS,4570.95,Nominal
2007-07-01,Asegurados INSS,4725.79,Nominal
2007-08-01,Asegurados INSS,4612.998,Nominal
2007-09-01,Asegurados INSS,4661.49,Nominal
2007-10-01,Asegurados INSS,4608.25,Nominal
2007-11-01,Asegurados INSS,4567.67,Nominal
2007-12-01,Asegurados INSS,5057.28,Nominal
2008-01-01,Asegurados INSS,4818.14,Nominal
2008-02-01,Asegurados INSS,4841.42,Nominal
2008-03-01,Asegurados INSS,5117.93,Nominal
2008-04-01,Asegurados INSS,5075.2987,Nominal
2008-05-01,Asegurados INSS,5144.3402,Nominal
2008-06-01,Asegurados INSS,5140.9039,Nominal
2008-07-01,Asegurados INSS,5263.1543,Nominal
2008-08-01,Asegurados INSS,5430.295,Nominal
2008-09-01,Asegurados INSS,5364.8327,Nominal
2008-10-01,Asegurados INSS,5472.5056,Nominal
2008-11-01,Asegurados INSS,5642.6702,Nominal
2008-12-01,Asegurados INSS,5815.0247,Nominal
2009-01-01,Asegurados INSS,4703.1563,Nominal
2009-02-01,Asegurados INSS,5735.5306,Nominal
2009-03-01,Asegurados INSS,5673.8147,Nominal
2009-04-01,Asegurados INSS,5891.1469,Nominal
2009-05-01,Asegurados INSS,6251.6648,Nominal
2009-06-01,Asegurados INSS,5869.964,Nominal
2009-07-01,Asegurados INSS,5824.09,Nominal
2009-08-01,Asegurados INSS,5826.26,Nominal
2009-09-01,Asegurados INSS,5811.29,Nominal
2009-10-01,Asegurados INSS,5886.83,Nominal
2009-11-01,Asegurados INSS,5711.15,Nominal
2009-12-01,Asegurados INSS,6066.239,Nominal
2010-01-01,Asegurados INSS,6036.17,Nominal
2010-02-01,Asegurados INSS,5844.64,Nominal
2010-03-01,Asegurados INSS,6002.57,Nominal
2010-04-01,Asegurados INSS,6014.66,Nominal
2010-05-01,Asegurados INSS,6203.47,Nominal
2010-06-01,Asegurados INSS,6070.837,Nominal
2010-07-01,Asegurados INSS,6303.6365,Nominal
2010-08-01,Asegurados INSS,6144.339,Nominal
2010-09-01,Asegurados INSS,6212.585,Nominal
2010-10-01,Asegurados INSS,6322.2495,Nominal
2010-11-01,Asegurados INSS,6238.5682,Nominal
2010-12-01,Asegurados INSS,6553.5273,Nominal
2011-01-01,Asegurados INSS,6494.905,Nominal
2011-02-01,Asegurados INSS,6336.153,Nominal
2011-03-01,Asegurados INSS,6465.3041,Nominal
2011-04-01,Asegurados INSS,6655.4415,Nominal
2011-05-01,Asegurados INSS,6479.1633,Nominal
2011-06-01,Asegurados INSS,6555.2056,Nominal
2011-07-01,Asegurados INSS,6854.918,Nominal
2011-08-01,Asegurados INSS,6684.858,Nominal
2011-09-01,Asegurados INSS,6767.468,Nominal
2011-10-01,Asegurados INSS,6926.94,Nominal
2011-11-01,Asegurados INSS,6659.385,Nominal
2011-12-01,Asegurados INSS,7164.54278,Nominal
2012-01-01,Asegurados INSS,6888.85891509714,Nominal
2012-02-01,Asegurados INSS,6821.00140338077,Nominal
2012-03-01,Asegurados INSS,7166.617,Nominal
2012-04-01,Asegurados INSS,7045.038,Nominal
2012-05-01,Asegurados INSS,7024.874,Nominal
2012-06-01,Asegurados INSS,7257.75525649613,Nominal
2012-07-01,Asegurados INSS,7196.12831921874,Nominal
2012-08-01,Asegurados INSS,7183.53277790227,Nominal
2012-09-01,Asegurados INSS,7347.66061722582,Nominal
2012-10-01,Asegurados INSS,7237.10639151874,Nominal
2012-11-01,Asegurados INSS,7190.81499579859,Nominal
2012-12-01,Asegurados INSS,7709.7377,Nominal
2013-01-01,Asegurados INSS,7366.804,Nominal
2013-02-01,Asegurados INSS,7383.617,Nominal
2013-03-01,Asegurados INSS,7632.005,Nominal
2013-04-01,Asegurados INSS,7567.289,Nominal
2013-05-01,Asegurados INSS,7614.712,Nominal
2013-06-01,Asegurados INSS,7708.798,Nominal
2013-07-01,Asegurados INSS,7749.694,Nominal
2013-08-01,Asegurados INSS,7819.745,Nominal
2013-09-01,Asegurados INSS,7761.003,Nominal
2013-10-01,Asegurados INSS,7804.037,Nominal
2013-11-01,Asegurados INSS,7889.3707,Nominal
2013-12-01,Asegurados INSS,8158.7731,Nominal
2014-01-01,Asegurados INSS,7960.6744,Nominal
2014-02-01,Asegurados INSS,8072.2795,Nominal
2014-03-01,Asegurados INSS,8210.0605,Nominal
2014-04-01,Asegurados INSS,8264.7564,Nominal
2014-05-01,Asegurados INSS,8384.5131,Nominal
2014-06-01,Asegurados INSS,8167.3429,Nominal
2014-07-01,Asegurados INSS,8403.9767,Nominal
2014-08-01,Asegurados INSS,8358.6457,Nominal
2014-09-01,Asegurados INSS,8335.5643,Nominal
2014-10-01,Asegurados INSS,8322.4109,Nominal
2014-11-01,Asegurados INSS,8427.3242,Nominal
2014-12-01,Asegurados INSS,8767.923,Nominal
2015-01-01,Asegurados INSS,8638.2947,Nominal
2015-02-01,Asegurados INSS,8575.1741,Nominal
2015-03-01,Asegurados INSS,8752.9876,Nominal
2015-04-01,Asegurados INSS,8736.741,Nominal
2015-05-01,Asegurados INSS,8878.1447,Nominal
2015-06-01,Asegurados INSS,8707.6743,Nominal
2015-07-01,Asegurados INSS,8908.6867,Nominal
2015-08-01,Asegurados INSS,8874.6844,Nominal
2015-09-01,Asegurados INSS,8857.0307,Nominal
2015-10-01,Asegurados INSS,9008.7138,Nominal
2015-11-01,Asegurados INSS,8775.3091,Nominal
2015-12-01,Asegurados INSS,9252.189,Nominal
2016-01-01,Asegurados INSS,9094.405,Nominal
2016-02-01,Asegurados INSS,8995.765,Nominal
2016-03-01,Asegurados INSS,9354.4702,Nominal
2016-04-01,Asegurados INSS,9501.0371,Nominal
2016-05-01,Asegurados INSS,9306.8092,Nominal
2016-06-01,Asegurados INSS,9250.7463,Nominal
2016-07-01,Asegurados INSS,9593.1229,Nominal
2016-08-01,Asegurados INSS,9300.7169,Nominal
2016-09-01,Asegurados INSS,9425.4739,Nominal
2016-10-01,Asegurados INSS,9510.3424,Nominal
2016-11-01,Asegurados INSS,9340.0419,Nominal
2016-12-01,Asegurados INSS,9953.335,Nominal
2017-01-01,Asegurados INSS,9463.138,Nominal
2017-02-01,Asegurados INSS,9606.1889,Nominal
2017-03-01,Asegurados INSS,9668.4835,Nominal
2017-04-01,Asegurados INSS,10035.2706,Nominal
2017-05-01,Asegurados INSS,9837.0645,Nominal
2017-06-01,Asegurados INSS,9771.307,Nominal
2017-07-01,Asegurados INSS,10073.6198,Nominal
2017-08-01,Asegurados INSS,9865.8299,Nominal
2017-09-01,Asegurados INSS,10015.4526,Nominal
2017-10-01,Asegurados INSS,9904.12,Nominal
2017-11-01,Asegurados INSS,9908.95,Nominal
2017-12-01,Asegurados INSS,10618.2728,Nominal
2018-01-01,Asegurados INSS,10209.3299,Nominal
2018-02-01,Asegurados INSS,10395.2987,Nominal
2018-03-01,Asegurados INSS,10737.7974,Nominal
2018-04-01,Asegurados INSS,10874.7111,Nominal
2018-05-01,Asegurados INSS,10704.0466,Nominal
2018-06-01,Asegurados INSS,10856.495,Nominal
2018-07-01,Asegurados INSS,10901.7228,Nominal
2018-08-01,Asegurados INSS,10890.5586,Nominal
2018-09-01,Asegurados INSS,11179.7048,Nominal
2018-10-01,Asegurados INSS,10970.9623,Nominal
2018-11-01,Asegurados INSS,10903.7823,Nominal
2018-12-01,Asegurados INSS,11663.0794,Nominal
2019-01-01,Asegurados INSS,11110.9592,Nominal
2019-02-01,Asegurados INSS,10941.6542,Nominal
2019-03-01,Asegurados INSS,11329.5,Nominal
2019-04-01,Asegurados INSS,11119.748,Nominal
2019-05-01,Asegurados INSS,11232.6181,Nominal
2019-06-01,Asegurados INSS,11524.3745,Nominal
2019-07-01,Asegurados INSS,11524.8951,Nominal
2019-08-01,Asegurados INSS,11665.8466,Nominal
2019-09-01,Asegurados INSS,11439.3247,Nominal
2019-10-01,Asegurados INSS,11374.4512,Nominal
2019-11-01,Asegurados INSS,11492.2772,Nominal
2019-12-01,Asegurados INSS,11855.4562,Nominal
2020-01-01,Asegurados INSS,11428.0986,Nominal
2020-02-01,Asegurados INSS,11555.6462,Nominal
2020-03-01,Asegurados INSS,11600.7346,Nominal
2020-04-01,Asegurados INSS,11380.3207,Nominal
2020-05-01,Asegurados INSS,11560.8289,Nominal
2020-06-01,Asegurados INSS,11527.6216,Nominal
2020-07-01,Asegurados INSS,11790.0767,Nominal
2020-08-01,Asegurados INSS,11995.6036,Nominal
2020-09-01,Asegurados INSS,11839.1448,Nominal
2020-10-01,Asegurados INSS,12014.7789,Nominal
2020-11-01,Asegurados INSS,11698.2503,Nominal
2006-01-01,Gobierno Central,4693.3542,Nominal
2006-02-01,Gobierno Central,4769.2888,Nominal
2006-03-01,Gobierno Central,4949.0717,Nominal
2006-04-01,Gobierno Central,4967.7398,Nominal
2006-05-01,Gobierno Central,4967.7756,Nominal
2006-06-01,Gobierno Central,4998.4625,Nominal
2006-07-01,Gobierno Central,5029.2051,Nominal
2006-08-01,Gobierno Central,5329.5515,Nominal
2006-09-01,Gobierno Central,5344.103,Nominal
2006-10-01,Gobierno Central,5369.4834,Nominal
2006-11-01,Gobierno Central,5412.0809,Nominal
2006-12-01,Gobierno Central,5412.2012,Nominal
2007-01-01,Gobierno Central,5262.0397,Nominal
2007-02-01,Gobierno Central,5336.3053,Nominal
2007-03-01,Gobierno Central,5352.9124,Nominal
2007-04-01,Gobierno Central,5432.792,Nominal
2007-05-01,Gobierno Central,5659.8565,Nominal
2007-06-01,Gobierno Central,4600.2409,Nominal
2007-07-01,Gobierno Central,4713.5566,Nominal
2007-08-01,Gobierno Central,4734.9972,Nominal
2007-09-01,Gobierno Central,4738.9565,Nominal
2007-10-01,Gobierno Central,4739.5631,Nominal
2007-11-01,Gobierno Central,4682.0674,Nominal
2007-12-01,Gobierno Central,4681.1918,Nominal
2008-01-01,Gobierno Central,4673.9874,Nominal
2008-02-01,Gobierno Central,4699.4782,Nominal
2008-03-01,Gobierno Central,5258.575,Nominal
2008-04-01,Gobierno Central,5265.98,Nominal
2008-05-01,Gobierno Central,5267.3161,Nominal
2008-06-01,Gobierno Central,5299.4557,Nominal
2008-07-01,Gobierno Central,5307.5644,Nominal
2008-08-01,Gobierno Central,5305.5634,Nominal
2008-09-01,Gobierno Central,5339.6127,Nominal
2008-10-01,Gobierno Central,5321.0679,Nominal
2008-11-01,Gobierno Central,5316.452,Nominal
2008-12-01,Gobierno Central,5321.2768,Nominal
2009-01-01,Gobierno Central,5318.9525,Nominal
2009-02-01,Gobierno Central,5328.0964,Nominal
2009-03-01,Gobierno Central,5333.1653,Nominal
2009-04-01,Gobierno Central,5831.7436,Nominal
2009-05-01,Gobierno Central,5854.0125,Nominal
2009-06-01,Gobierno Central,5885.9912,Nominal
2009-07-01,Gobierno Central,5882.2885,Nominal
2009-08-01,Gobierno Central,5873.3167,Nominal
2009-09-01,Gobierno Central,5899.5427,Nominal
2009-10-01,Gobierno Central,5900.1797,Nominal
2009-11-01,Gobierno Central,5912.716,Nominal
2009-12-01,Gobierno Central,5927.4842,Nominal
2010-01-01,Gobierno Central,5928.9736,Nominal
2010-02-01,Gobierno Central,5934.6891,Nominal
2010-03-01,Gobierno Central,6030.9426,Nominal
2010-04-01,Gobierno Central,6014.318,Nominal
2010-05-01,Gobierno Central,6123.635,Nominal
2010-06-01,Gobierno Central,6136.834,Nominal
2010-07-01,Gobierno Central,6174.7329,Nominal
2010-08-01,Gobierno Central,6174.8468,Nominal
2010-09-01,Gobierno Central,6178.9945,Nominal
2010-10-01,Gobierno Central,6179.4239,Nominal
2010-11-01,Gobierno Central,6173.9426,Nominal
2010-12-01,Gobierno Central,6177.9193,Nominal
2011-01-01,Gobierno Central,6179.5032,Nominal
2011-02-01,Gobierno Central,6146.8052,Nominal
2011-03-01,Gobierno Central,6411.1031,Nominal
2011-04-01,Gobierno Central,6567.7863,Nominal
2011-05-01,Gobierno Central,6556.2163,Nominal
2011-06-01,Gobierno Central,6560.2632,Nominal
2011-07-01,Gobierno Central,6685.964,Nominal
2011-08-01,Gobierno Central,6680.629,Nominal
2011-09-01,Gobierno Central,6690.9861,Nominal
2011-10-01,Gobierno Central,6689.316,Nominal
2011-11-01,Gobierno Central,6688.5844,Nominal
2011-12-01,Gobierno Central,6696.1081,Nominal
2012-01-01,Gobierno Central,6680.6455,Nominal
2012-02-01,Gobierno Central,6704.1331,Nominal
2012-03-01,Gobierno Central,7192.511,Nominal
2012-04-01,Gobierno Central,7189.1061,Nominal
2012-05-01,Gobierno Central,7216.9624,Nominal
2012-06-01,Gobierno Central,7225.2569,Nominal
2012-07-01,Gobierno Central,7268.1145,Nominal
2012-08-01,Gobierno Central,7259.0376,Nominal
2012-09-01,Gobierno Central,7269.3785,Nominal
2012-10-01,Gobierno Central,7269.5093,Nominal
2012-11-01,Gobierno Central,7275.9441,Nominal
2012-12-01,Gobierno Central,7290.0916,Nominal
2013-01-01,Gobierno Central,7348.5791,Nominal
2013-02-01,Gobierno Central,7408.1211,Nominal
2013-03-01,Gobierno Central,7945.5916,Nominal
2013-04-01,Gobierno Central,7939.0117,Nominal
2013-05-01,Gobierno Central,7930.5127,Nominal
2013-06-01,Gobierno Central,7965.1611,Nominal
2013-07-01,Gobierno Central,7991.5761,Nominal
2013-08-01,Gobierno Central,7994.0206,Nominal
2013-09-01,Gobierno Central,8011.916,Nominal
2013-10-01,Gobierno Central,8012.6131,Nominal
2013-11-01,Gobierno Central,8013.0503,Nominal
2013-12-01,Gobierno Central,8021.7773,Nominal
2014-01-01,Gobierno Central,8056.2674,Nominal
2014-02-01,Gobierno Central,8644.8575,Nominal
2014-03-01,Gobierno Central,8640.1379,Nominal
2014-04-01,Gobierno Central,8570.8403,Nominal
2014-05-01,Gobierno Central,8586.4515,Nominal
2014-06-01,Gobierno Central,8593.27,Nominal
2014-07-01,Gobierno Central,8627.8431,Nominal
2014-08-01,Gobierno Central,8634.6503,Nominal
2014-09-01,Gobierno Central,8645.2474,Nominal
2014-10-01,Gobierno Central,8638.4655,Nominal
2014-11-01,Gobierno Central,8637.4057,Nominal
2014-12-01,Gobierno Central,8631.5437,Nominal
2015-01-01,Gobierno Central,8632.0733,Nominal
2015-02-01,Gobierno Central,9214.7693,Nominal
2015-03-01,Gobierno Central,9220.2882,Nominal
2015-04-01,Gobierno Central,9193.6525,Nominal
2015-05-01,Gobierno Central,9156.765,Nominal
2015-06-01,Gobierno Central,9188.362,Nominal
2015-07-01,Gobierno Central,9201.3707,Nominal
2015-08-01,Gobierno Central,9222.2869,Nominal
2015-09-01,Gobierno Central,9255.8153,Nominal
2015-10-01,Gobierno Central,9263.2525,Nominal
2015-11-01,Gobierno Central,9266.4081,Nominal
2015-12-01,Gobierno Central,9273.6531,Nominal
2016-01-01,Gobierno Central,9264.8434,Nominal
2016-02-01,Gobierno Central,10204.5571,Nominal
2016-03-01,Gobierno Central,10193.5669,Nominal
2016-04-01,Gobierno Central,10159.2653,Nominal
2016-05-01,Gobierno Central,10179.2656,Nominal
2016-06-01,Gobierno Central,10198.3078,Nominal
2016-07-01,Gobierno Central,10217.7468,Nominal
2016-08-01,Gobierno Central,10219.4825,Nominal
2016-09-01,Gobierno Central,10231.0866,Nominal
2016-10-01,Gobierno Central,10228.2825,Nominal
2016-11-01,Gobierno Central,10232.4449,Nominal
2016-12-01,Gobierno Central,10239.4327,Nominal
2017-01-01,Gobierno Central,10206.3253,Nominal
2017-02-01,Gobierno Central,11011.6107,Nominal
2017-03-01,Gobierno Central,11003.7125,Nominal
2017-04-01,Gobierno Central,10957.7392,Nominal
2017-05-01,Gobierno Central,10981.7313,Nominal
2017-06-01,Gobierno Central,10986.3452,Nominal
2017-07-01,Gobierno Central,11002.5482,Nominal
2017-08-01,Gobierno Central,11012.8282,Nominal
2017-09-01,Gobierno Central,11024.6068,Nominal
2017-10-01,Gobierno Central,11025.6078,Nominal
2017-11-01,Gobierno Central,11018.2181,Nominal
2017-12-01,Gobierno Central,11029.5902,Nominal
2018-01-01,Gobierno Central,11027.9076,Nominal
2018-02-01,Gobierno Central,11724.3379,Nominal
2018-03-01,Gobierno Central,11634.8158,Nominal
2018-04-01,Gobierno Central,11638.0534,Nominal
2018-05-01,Gobierno Central,11717.5677,Nominal
2018-06-01,Gobierno Central,11716.1136,Nominal
2018-07-01,Gobierno Central,11732.7362,Nominal
2018-08-01,Gobierno Central,11726.9406,Nominal
2018-09-01,Gobierno Central,11749.364,Nominal
2018-10-01,Gobierno Central,11749.3644,Nominal
2018-11-01,Gobierno Central,11741.6035,Nominal
2018-12-01,Gobierno Central,11746.8135,Nominal
2019-01-01,Gobierno Central,11745.2101,Nominal
2019-02-01,Gobierno Central,11761.2183,Nominal
2019-03-01,Gobierno Central,11743.118,Nominal
2019-04-01,Gobierno Central,11701.0369,Nominal
2019-05-01,Gobierno Central,11753.0072,Nominal
2019-06-01,Gobierno Central,11750.3074,Nominal
2019-07-01,Gobierno Central,11772.9186,Nominal
2019-08-01,Gobierno Central,11781.8717,Nominal
2019-09-01,Gobierno Central,11793.3924,Nominal
2019-10-01,Gobierno Central,11798.3185,Nominal
2019-11-01,Gobierno Central,11777.9502,Nominal
2019-12-01,Gobierno Central,11791.2921,Nominal
2020-01-01,Gobierno Central,11798.3574,Nominal
2020-02-01,Gobierno Central,11833.3001,Nominal
2020-03-01,Gobierno Central,11818.5238,Nominal
2020-04-01,Gobierno Central,11810.4895,Nominal
2020-05-01,Gobierno Central,11854.568,Nominal
2020-06-01,Gobierno Central,11855.7589,Nominal
2020-07-01,Gobierno Central,11876.6064,Nominal
2020-08-01,Gobierno Central,11879.2939,Nominal
2020-09-01,Gobierno Central,11892.574,Nominal
2020-10-01,Gobierno Central,11880.5378,Nominal
2020-11-01,Gobierno Central,11851.2195,Nominal
2006-01-01,Salario del empleo formal,4631,Nominal
2006-02-01,Salario del empleo formal,4662,Nominal
2006-03-01,Salario del empleo formal,4780,Nominal
2006-04-01,Salario del empleo formal,4808,Nominal
2006-05-01,Salario del empleo formal,4808,Nominal
2006-06-01,Salario del empleo formal,4825,Nominal
2006-07-01,Salario del empleo formal,4861,Nominal
2006-08-01,Salario del empleo formal,4884,Nominal
2006-09-01,Salario del empleo formal,4892,Nominal
2006-10-01,Salario del empleo formal,4894,Nominal
2006-11-01,Salario del empleo formal,4912,Nominal
2006-12-01,Salario del empleo formal,4926,Nominal
2007-01-01,Salario del empleo formal,5000,Nominal
2007-02-01,Salario del empleo formal,5000,Nominal
2007-03-01,Salario del empleo formal,5039,Nominal
2007-04-01,Salario del empleo formal,5054,Nominal
2007-05-01,Salario del empleo formal,5228,Nominal
2007-06-01,Salario del empleo formal,4787,Nominal
2007-07-01,Salario del empleo formal,4857,Nominal
2007-08-01,Salario del empleo formal,4870,Nominal
2007-09-01,Salario del empleo formal,4878,Nominal
2007-10-01,Salario del empleo formal,4909,Nominal
2007-11-01,Salario del empleo formal,4910,Nominal
2007-12-01,Salario del empleo formal,4954,Nominal
2008-01-01,Salario del empleo formal,4958,Nominal
2008-02-01,Salario del empleo formal,4958,Nominal
2008-03-01,Salario del empleo formal,5256,Nominal
2008-04-01,Salario del empleo formal,5285,Nominal
2008-05-01,Salario del empleo formal,5352,Nominal
2008-06-01,Salario del empleo formal,5382,Nominal
2008-07-01,Salario del empleo formal,5389,Nominal
2008-08-01,Salario del empleo formal,5440,Nominal
2008-09-01,Salario del empleo formal,5496,Nominal
2008-10-01,Salario del empleo formal,5501,Nominal
2008-11-01,Salario del empleo formal,5525,Nominal
2008-12-01,Salario del empleo formal,5561,Nominal
2009-01-01,Salario del empleo formal,5665,Nominal
2009-02-01,Salario del empleo formal,5731,Nominal
2009-03-01,Salario del empleo formal,5769,Nominal
2009-04-01,Salario del empleo formal,5851,Nominal
2009-05-01,Salario del empleo formal,6068,Nominal
2009-06-01,Salario del empleo formal,6085,Nominal
2009-07-01,Salario del empleo formal,6118,Nominal
2009-08-01,Salario del empleo formal,6140,Nominal
2009-09-01,Salario del empleo formal,6153,Nominal
2009-10-01,Salario del empleo formal,6172,Nominal
2009-11-01,Salario del empleo formal,6185,Nominal
2009-12-01,Salario del empleo formal,6187,Nominal
2010-01-01,Salario del empleo formal,6191,Nominal
2010-02-01,Salario del empleo formal,6195,Nominal
2010-03-01,Salario del empleo formal,6263,Nominal
2010-04-01,Salario del empleo formal,6271,Nominal
2010-05-01,Salario del empleo formal,6303,Nominal
2010-06-01,Salario del empleo formal,6343,Nominal
2010-07-01,Salario del empleo formal,6365,Nominal
2010-08-01,Salario del empleo formal,6366,Nominal
2010-09-01,Salario del empleo formal,6372,Nominal
2010-10-01,Salario del empleo formal,6377,Nominal
2010-11-01,Salario del empleo formal,6392,Nominal
2010-12-01,Salario del empleo formal,6398,Nominal
2011-01-01,Salario del empleo formal,6400,Nominal
2011-02-01,Salario del empleo formal,6469,Nominal
2011-03-01,Salario del empleo formal,6530,Nominal
2011-04-01,Salario del empleo formal,6612,Nominal
2011-05-01,Salario del empleo formal,6614,Nominal
2011-06-01,Salario del empleo formal,6621,Nominal
2011-07-01,Salario del empleo formal,6652,Nominal
2011-08-01,Salario del empleo formal,6678,Nominal
2011-09-01,Salario del empleo formal,6692,Nominal
2011-10-01,Salario del empleo formal,6697,Nominal
2011-11-01,Salario del empleo formal,6699,Nominal
2011-12-01,Salario del empleo formal,6715,Nominal
2012-01-01,Salario del empleo formal,6717,Nominal
2012-02-01,Salario del empleo formal,6718,Nominal
2012-03-01,Salario del empleo formal,6979,Nominal
2012-04-01,Salario del empleo formal,6984,Nominal
2012-05-01,Salario del empleo formal,6997,Nominal
2012-06-01,Salario del empleo formal,7017,Nominal
2012-07-01,Salario del empleo formal,7037,Nominal
2012-08-01,Salario del empleo formal,7065,Nominal
2012-09-01,Salario del empleo formal,7083,Nominal
2012-10-01,Salario del empleo formal,7084,Nominal
2012-11-01,Salario del empleo formal,7090,Nominal
2012-12-01,Salario del empleo formal,7098,Nominal
2013-01-01,Salario del empleo formal,7131,Nominal
2013-02-01,Salario del empleo formal,7156,Nominal
2013-03-01,Salario del empleo formal,7251,Nominal
2013-04-01,Salario del empleo formal,7340,Nominal
2013-05-01,Salario del empleo formal,7362,Nominal
2013-06-01,Salario del empleo formal,7532,Nominal
2013-07-01,Salario del empleo formal,7580,Nominal
2013-08-01,Salario del empleo formal,7589,Nominal
2013-09-01,Salario del empleo formal,7639,Nominal
2013-10-01,Salario del empleo formal,7640,Nominal
2013-11-01,Salario del empleo formal,7644,Nominal
2013-12-01,Salario del empleo formal,7689,Nominal
2014-01-01,Salario del empleo formal,7705,Nominal
2014-02-01,Salario del empleo formal,8017,Nominal
2014-03-01,Salario del empleo formal,8028,Nominal
2014-04-01,Salario del empleo formal,8040,Nominal
2014-05-01,Salario del empleo formal,8152,Nominal
2014-06-01,Salario del empleo formal,8199,Nominal
2014-07-01,Salario del empleo formal,8208,Nominal
2014-08-01,Salario del empleo formal,8239,Nominal
2014-09-01,Salario del empleo formal,8261,Nominal
2014-10-01,Salario del empleo formal,8275,Nominal
2014-11-01,Salario del empleo formal,8303,Nominal
2014-12-01,Salario del empleo formal,8337,Nominal
2015-01-01,Salario del empleo formal,8362,Nominal
2015-02-01,Salario del empleo formal,8515,Nominal
2015-03-01,Salario del empleo formal,8662,Nominal
2015-04-01,Salario del empleo formal,8704,Nominal
2015-05-01,Salario del empleo formal,8720,Nominal
2015-06-01,Salario del empleo formal,8748,Nominal
2015-07-01,Salario del empleo formal,8767,Nominal
2015-08-01,Salario del empleo formal,8781,Nominal
2015-09-01,Salario del empleo formal,8799,Nominal
2015-10-01,Salario del empleo formal,8816,Nominal
2015-11-01,Salario del empleo formal,8842,Nominal
2015-12-01,Salario del empleo formal,8853,Nominal
2016-01-01,Salario del empleo formal,8863,Nominal
2016-02-01,Salario del empleo formal,9225,Nominal
2016-03-01,Salario del empleo formal,9232,Nominal
2016-04-01,Salario del empleo formal,9240,Nominal
2016-05-01,Salario del empleo formal,9267,Nominal
2016-06-01,Salario del empleo formal,9271,Nominal
2016-07-01,Salario del empleo formal,9365,Nominal
2016-08-01,Salario del empleo formal,9373,Nominal
2016-09-01,Salario del empleo formal,9385,Nominal
2016-10-01,Salario del empleo formal,9410,Nominal
2016-11-01,Salario del empleo formal,9429,Nominal
2016-12-01,Salario del empleo formal,9440,Nominal
2017-01-01,Salario del empleo formal,9453,Nominal
2017-02-01,Salario del empleo formal,9756,Nominal
2017-03-01,Salario del empleo formal,10004,Nominal
2017-04-01,Salario del empleo formal,10051,Nominal
2017-05-01,Salario del empleo formal,10114,Nominal
2017-06-01,Salario del empleo formal,10359,Nominal
2017-07-01,Salario del empleo formal,10369,Nominal
2017-08-01,Salario del empleo formal,10414,Nominal
2017-09-01,Salario del empleo formal,10485,Nominal
2017-10-01,Salario del empleo formal,10501,Nominal
2017-11-01,Salario del empleo formal,10679,Nominal
2017-12-01,Salario del empleo formal,10685,Nominal
2018-01-01,Salario del empleo formal,10690,Nominal
2018-02-01,Salario del empleo formal,10691,Nominal
2018-03-01,Salario del empleo formal,10695,Nominal
2018-04-01,Salario del empleo formal,10696,Nominal
2018-05-01,Salario del empleo formal,10697,Nominal
2018-06-01,Salario del empleo formal,10699,Nominal
2018-07-01,Salario del empleo formal,10700,Nominal
2018-08-01,Salario del empleo formal,10702,Nominal
2018-09-01,Salario del empleo formal,10857,Nominal
2018-10-01,Salario del empleo formal,10880,Nominal
2018-11-01,Salario del empleo formal,10889,Nominal
2018-12-01,Salario del empleo formal,10893,Nominal
2019-01-01,Salario del empleo formal,10902,Nominal
2019-02-01,Salario del empleo formal,10912,Nominal
2019-03-01,Salario del empleo formal,10919,Nominal
2019-04-01,Salario del empleo formal,10937,Nominal
2019-05-01,Salario del empleo formal,10944,Nominal
2019-06-01,Salario del empleo formal,10948,Nominal
2019-07-01,Salario del empleo formal,10952,Nominal
2019-08-01,Salario del empleo formal,10953,Nominal
2019-09-01,Salario del empleo formal,10955,Nominal
2019-10-01,Salario del empleo formal,10958,Nominal
2019-11-01,Salario del empleo formal,10959,Nominal
2019-12-01,Salario del empleo formal,10960,Nominal
2020-01-01,Salario del empleo formal,10962,Nominal
2020-02-01,Salario del empleo formal,10964,Nominal
2020-03-01,Salario del empleo formal,10970,Nominal
2020-04-01,Salario del empleo formal,10971,Nominal
2020-05-01,Salario del empleo formal,10977,Nominal
2020-06-01,Salario del empleo formal,10981,Nominal
2020-07-01,Salario del empleo formal,10982,Nominal
2020-08-01,Salario del empleo formal,10984,Nominal
2020-09-01,Salario del empleo formal,10986,Nominal
2020-10-01,Salario del empleo formal,10987,Nominal
2020-11-01,Salario del empleo formal,nd,Nominal
2006-01-01,Asegurados INSS,4282.925,Real
2006-02-01,Asegurados INSS,4169.923,Real
2006-03-01,Asegurados INSS,4243.477,Real
2006-04-01,Asegurados INSS,4247.703,Real
2006-05-01,Asegurados INSS,4118.117,Real
2006-06-01,Asegurados INSS,4106.327,Real
2006-07-01,Asegurados INSS,4253.25,Real
2006-08-01,Asegurados INSS,4205.807,Real
2006-09-01,Asegurados INSS,4214.46,Real
2006-10-01,Asegurados INSS,4148.083,Real
2006-11-01,Asegurados INSS,4135.336,Real
2006-12-01,Asegurados INSS,4331.585,Real
2007-01-01,Asegurados INSS,4211.456,Real
2007-02-01,Asegurados INSS,4068.356,Real
2007-03-01,Asegurados INSS,4166.983,Real
2007-04-01,Asegurados INSS,4127.3,Real
2007-05-01,Asegurados INSS,4064.253,Real
2007-06-01,Asegurados INSS,4158.438,Real
2007-07-01,Asegurados INSS,4264.613,Real
2007-08-01,Asegurados INSS,4151.812,Real
2007-09-01,Asegurados INSS,4148.31,Real
2007-10-01,Asegurados INSS,4018.295,Real
2007-11-01,Asegurados INSS,3818.295,Real
2007-12-01,Asegurados INSS,4177.327,Real
2008-01-01,Asegurados INSS,3931.293,Real
2008-02-01,Asegurados INSS,3869.074,Real
2008-03-01,Asegurados INSS,4025.681,Real
2008-04-01,Asegurados INSS,3937.567,Real
2008-05-01,Asegurados INSS,3883.221,Real
2008-06-01,Asegurados INSS,3799.508,Real
2008-07-01,Asegurados INSS,3841.916,Real
2008-08-01,Asegurados INSS,3943.995,Real
2008-09-01,Asegurados INSS,3888.233,Real
2008-10-01,Asegurados INSS,3966.942,Real
2008-11-01,Asegurados INSS,4086.95,Real
2008-12-01,Asegurados INSS,4221.712,Real
2009-01-01,Asegurados INSS,3412.561,Real
2009-02-01,Asegurados INSS,4137.517,Real
2009-03-01,Asegurados INSS,4114.742,Real
2009-04-01,Asegurados INSS,4276.485,Real
2009-05-01,Asegurados INSS,4533.12,Real
2009-06-01,Asegurados INSS,4255.271,Real
2009-07-01,Asegurados INSS,4247.936,Real
2009-08-01,Asegurados INSS,4236.654,Real
2009-09-01,Asegurados INSS,4211.209,Real
2009-10-01,Asegurados INSS,4249.386,Real
2009-11-01,Asegurados INSS,4117.607,Real
2009-12-01,Asegurados INSS,4363.383,Real
2010-01-01,Asegurados INSS,4300.063,Real
2010-02-01,Asegurados INSS,4103.772,Real
2010-03-01,Asegurados INSS,4168.829,Real
2010-04-01,Asegurados INSS,4164.126,Real
2010-05-01,Asegurados INSS,4297.351,Real
2010-06-01,Asegurados INSS,4205.932,Real
2010-07-01,Asegurados INSS,4329.468,Real
2010-08-01,Asegurados INSS,4241.44,Real
2010-09-01,Asegurados INSS,4270.445,Real
2010-10-01,Asegurados INSS,4254.731,Real
2010-11-01,Asegurados INSS,4134.376,Real
2010-12-01,Asegurados INSS,4315.543,Real
2011-01-01,Asegurados INSS,4283.357,Real
2011-02-01,Asegurados INSS,4149.181,Real
2011-03-01,Asegurados INSS,4206.635,Real
2011-04-01,Asegurados INSS,4301.765,Real
2011-05-01,Asegurados INSS,4144.768,Real
2011-06-01,Asegurados INSS,4165.957,Real
2011-07-01,Asegurados INSS,4341.006,Real
2011-08-01,Asegurados INSS,4206.72,Real
2011-09-01,Asegurados INSS,4248.438,Real
2011-10-01,Asegurados INSS,4330.052,Real
2011-11-01,Asegurados INSS,4111.383,Real
2011-12-01,Asegurados INSS,4370.433,Real
2012-01-01,Asegurados INSS,4196.761,Real
2012-02-01,Asegurados INSS,4105.082,Real
2012-03-01,Asegurados INSS,4295.721,Real
2012-04-01,Asegurados INSS,4178.495,Real
2012-05-01,Asegurados INSS,4179.289,Real
2012-06-01,Asegurados INSS,4332.379,Real
2012-07-01,Asegurados INSS,4284.196,Real
2012-08-01,Asegurados INSS,4266.002,Real
2012-09-01,Asegurados INSS,4334.99,Real
2012-10-01,Asegurados INSS,4249.089,Real
2012-11-01,Asegurados INSS,4181.737,Real
2012-12-01,Asegurados INSS,4411.056,Real
2013-01-01,Asegurados INSS,4165.398,Real
2013-02-01,Asegurados INSS,4149.83,Real
2013-03-01,Asegurados INSS,4283.635,Real
2013-04-01,Asegurados INSS,4220.507,Real
2013-05-01,Asegurados INSS,4205.2018,Real
2013-06-01,Asegurados INSS,4249.5356,Real
2013-07-01,Asegurados INSS,4285.6555,Real
2013-08-01,Asegurados INSS,4302.3954,Real
2013-09-01,Asegurados INSS,4265.2781,Real
2013-10-01,Asegurados INSS,4288.9852,Real
2013-11-01,Asegurados INSS,4316.2872,Real
2013-12-01,Asegurados INSS,4417.2945,Real
2014-01-01,Asegurados INSS,4279.0131,Real
2014-02-01,Asegurados INSS,4310.4593,Real
2014-03-01,Asegurados INSS,4384.4196,Real
2014-04-01,Asegurados INSS,4394.1604,Real
2014-05-01,Asegurados INSS,4416.252,Real
2014-06-01,Asegurados INSS,4245.3478,Real
2014-07-01,Asegurados INSS,4346.0147,Real
2014-08-01,Asegurados INSS,4308.9366,Real
2014-09-01,Asegurados INSS,4301.6671,Real
2014-10-01,Asegurados INSS,4287.3904,Real
2014-11-01,Asegurados INSS,4282.129,Real
2014-12-01,Asegurados INSS,4458.219,Real
2015-01-01,Asegurados INSS,4403.2993,Real
2015-02-01,Asegurados INSS,4339.9021,Real
2015-03-01,Asegurados INSS,4412.9274,Real
2015-04-01,Asegurados INSS,4395.918,Real
2015-05-01,Asegurados INSS,4444.221,Real
2015-06-01,Asegurados INSS,4359.577,Real
2015-07-01,Asegurados INSS,4469.4293,Real
2015-08-01,Asegurados INSS,4452.6478,Real
2015-09-01,Asegurados INSS,4447.5615,Real
2015-10-01,Asegurados INSS,4504.4452,Real
2015-11-01,Asegurados INSS,4372.1152,Real
2015-12-01,Asegurados INSS,4565.1172,Real
2016-01-01,Asegurados INSS,4492.409,Real
2016-02-01,Asegurados INSS,4402.898,Real
2016-03-01,Asegurados INSS,4549.747,Real
2016-04-01,Asegurados INSS,4614.521,Real
2016-05-01,Asegurados INSS,4494.6862,Real
2016-06-01,Asegurados INSS,4472.0809,Real
2016-07-01,Asegurados INSS,4622.592,Real
2016-08-01,Asegurados INSS,4497.7133,Real
2016-09-01,Asegurados INSS,4571.9428,Real
2016-10-01,Asegurados INSS,4599.075,Real
2016-11-01,Asegurados INSS,4504.5453,Real
2016-12-01,Asegurados INSS,4762.0341,Real
2017-01-01,Asegurados INSS,4499.8903,Real
2017-02-01,Asegurados INSS,4534.3023,Real
2017-03-01,Asegurados INSS,4558.1822,Real
2017-04-01,Asegurados INSS,4715.781,Real
2017-05-01,Asegurados INSS,4616.5582,Real
2017-06-01,Asegurados INSS,4583.4331,Real
2017-07-01,Asegurados INSS,4706.8578,Real
2017-08-01,Asegurados INSS,4610.9732,Real
2017-09-01,Asegurados INSS,4665.7572,Real
2017-10-01,Asegurados INSS,4588.817,Real
2017-11-01,Asegurados INSS,4536.3726,Real
2017-12-01,Asegurados INSS,4807.1882,Real
2018-01-01,Asegurados INSS,4607.7824,Real
2018-02-01,Asegurados INSS,4681.3198,Real
2018-03-01,Asegurados INSS,4828.6755,Real
2018-04-01,Asegurados INSS,4875.0733,Real
2018-05-01,Asegurados INSS,4772.1229,Real
2018-06-01,Asegurados INSS,4819.1793,Real
2018-07-01,Asegurados INSS,4843.294,Real
2018-08-01,Asegurados INSS,4849.7786,Real
2018-09-01,Asegurados INSS,4953.6421,Real
2018-10-01,Asegurados INSS,4836.2545,Real
2018-11-01,Asegurados INSS,4781.6249,Real
2018-12-01,Asegurados INSS,5082.7343,Real
2019-01-01,Asegurados INSS,4854.2883,Real
2019-02-01,Asegurados INSS,4767.2756,Real
2019-03-01,Asegurados INSS,4848.1097,Real
2019-04-01,Asegurados INSS,4712.9847,Real
2019-05-01,Asegurados INSS,4724.6064,Real
2019-06-01,Asegurados INSS,4843.192,Real
2019-07-01,Asegurados INSS,4826.4667,Real
2019-08-01,Asegurados INSS,4887.0654,Real
2019-09-01,Asegurados INSS,4798.7869,Real
2019-10-01,Asegurados INSS,4755.4407,Real
2019-11-01,Asegurados INSS,4767.0731,Real
2019-12-01,Asegurados INSS,4868.1663,Real
2020-01-01,Asegurados INSS,4691.8489,Real
2020-02-01,Asegurados INSS,4731.3414,Real
2020-03-01,Asegurados INSS,4754.1138,Real
2020-04-01,Asegurados INSS,4671.7643,Real
2020-05-01,Asegurados INSS,4724.0951,Real
2020-06-01,Asegurados INSS,4675.2443,Real
2020-07-01,Asegurados INSS,4773.0961,Real
2020-08-01,Asegurados INSS,4884.9941,Real
2020-09-01,Asegurados INSS,4830.9501,Real
2020-10-01,Asegurados INSS,4891.574,Real
2020-11-01,Asegurados INSS,4727.5611,Real
2006-01-01,Gobierno Central,4899.161,Real
2006-02-01,Gobierno Central,4908.15,Real
2006-03-01,Gobierno Central,5059.972,Real
2006-04-01,Gobierno Central,5008.328,Real
2006-05-01,Gobierno Central,4963.838,Real
2006-06-01,Gobierno Central,4977.583,Real
2006-07-01,Gobierno Central,4981.362,Real
2006-08-01,Gobierno Central,5269.781,Real
2006-09-01,Gobierno Central,5305.33,Real
2006-10-01,Gobierno Central,5306.901,Real
2006-11-01,Gobierno Central,5308.809,Real
2006-12-01,Gobierno Central,5224.971,Real
2007-01-01,Gobierno Central,5035.842,Real
2007-02-01,Gobierno Central,5047.121,Real
2007-03-01,Gobierno Central,5006.52,Real
2007-04-01,Gobierno Central,5030.639,Real
2007-05-01,Gobierno Central,5201.165,Real
2007-06-01,Gobierno Central,4185.085,Real
2007-07-01,Gobierno Central,4253.574,Real
2007-08-01,Gobierno Central,4261.615,Real
2007-09-01,Gobierno Central,4217.248,Real
2007-10-01,Gobierno Central,4132.797,Real
2007-11-01,Gobierno Central,3914.434,Real
2007-12-01,Gobierno Central,3866.677,Real
2008-01-01,Gobierno Central,3813.673,Real
2008-02-01,Gobierno Central,3755.639,Real
2008-03-01,Gobierno Central,4136.31,Real
2008-04-01,Gobierno Central,4085.503,Real
2008-05-01,Gobierno Central,3976.049,Real
2008-06-01,Gobierno Central,3916.69,Real
2008-07-01,Gobierno Central,3874.334,Real
2008-08-01,Gobierno Central,3853.403,Real
2008-09-01,Gobierno Central,3869.954,Real
2008-10-01,Gobierno Central,3857.167,Real
2008-11-01,Gobierno Central,3850.672,Real
2008-12-01,Gobierno Central,3863.251,Real
2009-01-01,Gobierno Central,3859.377,Real
2009-02-01,Gobierno Central,3843.601,Real
2009-03-01,Gobierno Central,3867.697,Real
2009-04-01,Gobierno Central,4233.363,Real
2009-05-01,Gobierno Central,4244.78,Real
2009-06-01,Gobierno Central,4266.89,Real
2009-07-01,Gobierno Central,4290.385,Real
2009-08-01,Gobierno Central,4270.872,Real
2009-09-01,Gobierno Central,4275.162,Real
2009-10-01,Gobierno Central,4259.023,Real
2009-11-01,Gobierno Central,4262.931,Real
2009-12-01,Gobierno Central,4263.578,Real
2010-01-01,Gobierno Central,4223.698,Real
2010-02-01,Gobierno Central,4166.999,Real
2010-03-01,Gobierno Central,4188.534,Real
2010-04-01,Gobierno Central,4163.89,Real
2010-05-01,Gobierno Central,4242.047,Real
2010-06-01,Gobierno Central,4251.656,Real
2010-07-01,Gobierno Central,4240.934,Real
2010-08-01,Gobierno Central,4262.499,Real
2010-09-01,Gobierno Central,4247.355,Real
2010-10-01,Gobierno Central,4158.613,Real
2010-11-01,Gobierno Central,4091.548,Real
2010-12-01,Gobierno Central,4068.202,Real
2011-01-01,Gobierno Central,4075.351,Real
2011-02-01,Gobierno Central,4025.188,Real
2011-03-01,Gobierno Central,4171.369,Real
2011-04-01,Gobierno Central,4245.109,Real
2011-05-01,Gobierno Central,4194.06,Real
2011-06-01,Gobierno Central,4169.171,Real
2011-07-01,Gobierno Central,4234.013,Real
2011-08-01,Gobierno Central,4204.059,Real
2011-09-01,Gobierno Central,4200.425,Real
2011-10-01,Gobierno Central,4181.513,Real
2011-11-01,Gobierno Central,4129.41,Real
2011-12-01,Gobierno Central,4084.684,Real
2012-01-01,Gobierno Central,4069.916,Real
2012-02-01,Gobierno Central,4034.748,Real
2012-03-01,Gobierno Central,4311.242,Real
2012-04-01,Gobierno Central,4263.943,Real
2012-05-01,Gobierno Central,4293.568,Real
2012-06-01,Gobierno Central,4312.98,Real
2012-07-01,Gobierno Central,4327.053,Real
2012-08-01,Gobierno Central,4310.842,Real
2012-09-01,Gobierno Central,4288.805,Real
2012-10-01,Gobierno Central,4268.114,Real
2012-11-01,Gobierno Central,4231.243,Real
2012-12-01,Gobierno Central,4170.959,Real
2013-01-01,Gobierno Central,4155.093,Real
2013-02-01,Gobierno Central,4163.602,Real
2013-03-01,Gobierno Central,4459.642,Real
2013-04-01,Gobierno Central,4427.828,Real
2013-05-01,Gobierno Central,4379.602,Real
2013-06-01,Gobierno Central,4390.858,Real
2013-07-01,Gobierno Central,4419.419,Real
2013-08-01,Gobierno Central,4398.281,Real
2013-09-01,Gobierno Central,4403.1744,Real
2013-10-01,Gobierno Central,4406.6155,Real
2013-11-01,Gobierno Central,4383.9525,Real
2013-12-01,Gobierno Central,4343.1227,Real
2014-01-01,Gobierno Central,4330.3961,Real
2014-02-01,Gobierno Central,4616.2062,Real
2014-03-01,Gobierno Central,4614.0939,Real
2014-04-01,Gobierno Central,4556.8974,Real
2014-05-01,Gobierno Central,4522.616,Real
2014-06-01,Gobierno Central,4466.7428,Real
2014-07-01,Gobierno Central,4461.7844,Real
2014-08-01,Gobierno Central,4451.2187,Real
2014-09-01,Gobierno Central,4461.4828,Real
2014-10-01,Gobierno Central,4450.2098,Real
2014-11-01,Gobierno Central,4388.8766,Real
2014-12-01,Gobierno Central,4388.8747,Real
2015-01-01,Gobierno Central,4400.128,Real
2015-02-01,Gobierno Central,4663.6017,Real
2015-03-01,Gobierno Central,4648.5228,Real
2015-04-01,Gobierno Central,4625.815,Real
2015-05-01,Gobierno Central,4583.692,Real
2015-06-01,Gobierno Central,4600.238,Real
2015-07-01,Gobierno Central,4616.267,Real
2015-08-01,Gobierno Central,4627.048,Real
2015-09-01,Gobierno Central,4647.8113,Real
2015-10-01,Gobierno Central,4631.7171,Real
2015-11-01,Gobierno Central,4616.7951,Real
2015-12-01,Gobierno Central,4575.7078,Real
2016-01-01,Gobierno Central,4576.602,Real
2016-02-01,Gobierno Central,4994.531,Real
2016-03-01,Gobierno Central,4957.86,Real
2016-04-01,Gobierno Central,4934.213,Real
2016-05-01,Gobierno Central,4916.0355,Real
2016-06-01,Gobierno Central,4930.1598,Real
2016-07-01,Gobierno Central,4923.5768,Real
2016-08-01,Gobierno Central,4942.0171,Real
2016-09-01,Gobierno Central,4962.7153,Real
2016-10-01,Gobierno Central,4946.2614,Real
2016-11-01,Gobierno Central,4934.9363,Real
2016-12-01,Gobierno Central,4898.9136,Real
2017-01-01,Gobierno Central,4853.2991,Real
2017-02-01,Gobierno Central,5197.6879,Real
2017-03-01,Gobierno Central,5187.6726,Real
2017-04-01,Gobierno Central,5149.268,Real
2017-05-01,Gobierno Central,5153.7532,Real
2017-06-01,Gobierno Central,5153.3719,Real
2017-07-01,Gobierno Central,5140.8958,Real
2017-08-01,Gobierno Central,5147.0435,Real
2017-09-01,Gobierno Central,5135.8776,Real
2017-10-01,Gobierno Central,5108.4299,Real
2017-11-01,Gobierno Central,5044.2017,Real
2017-12-01,Gobierno Central,4993.4031,Real
2018-01-01,Gobierno Central,4977.2315,Real
2018-02-01,Gobierno Central,5279.8266,Real
2018-03-01,Gobierno Central,5232.0553,Real
2018-04-01,Gobierno Central,5217.2754,Real
2018-05-01,Gobierno Central,5224.0518,Real
2018-06-01,Gobierno Central,5200.7625,Real
2018-07-01,Gobierno Central,5212.4872,Real
2018-08-01,Gobierno Central,5222.2359,Real
2018-09-01,Gobierno Central,5206.0538,Real
2018-10-01,Gobierno Central,5179.3922,Real
2018-11-01,Gobierno Central,5149.0338,Real
2018-12-01,Gobierno Central,5119.2253,Real
2019-01-01,Gobierno Central,5131.3875,Real
2019-02-01,Gobierno Central,5124.3594,Real
2019-03-01,Gobierno Central,5025.1047,Real
2019-04-01,Gobierno Central,4959.3577,Real
2019-05-01,Gobierno Central,4943.4898,Real
2019-06-01,Gobierno Central,4938.1417,Real
2019-07-01,Gobierno Central,4930.3355,Real
2019-08-01,Gobierno Central,4935.6707,Real
2019-09-01,Gobierno Central,4947.318,Real
2019-10-01,Gobierno Central,4932.6516,Real
2019-11-01,Gobierno Central,4885.5722,Real
2019-12-01,Gobierno Central,4841.8188,Real
2020-01-01,Gobierno Central,4843.8601,Real
2020-02-01,Gobierno Central,4845.024,Real
2020-03-01,Gobierno Central,4843.3663,Real
2020-04-01,Gobierno Central,4848.354,Real
2020-05-01,Gobierno Central,4844.1256,Real
2020-06-01,Gobierno Central,4808.3266,Real
2020-07-01,Gobierno Central,4808.1268,Real
2020-08-01,Gobierno Central,4837.6291,Real
2020-09-01,Gobierno Central,4852.7519,Real
2020-10-01,Gobierno Central,4836.9205,Real
2020-11-01,Gobierno Central,4789.3798,Real
2006-01-01,Salario del empleo formal,4834.0730000000003,Real
2006-02-01,Salario del empleo formal,4797.7370000000001,Real
2006-03-01,Salario del empleo formal,4887.1109999999999,Real
2006-04-01,Salario del empleo formal,4847.2830000000004,Real
2006-05-01,Salario del empleo formal,4804.1890000000003,Real
2006-06-01,Salario del empleo formal,4804.8450000000003,Real
2006-07-01,Salario del empleo formal,4814.7569999999996,Real
2006-08-01,Salario del empleo formal,4829.2259999999997,Real
2006-09-01,Salario del empleo formal,4856.5079999999998,Real
2006-10-01,Salario del empleo formal,4836.96,Real
2006-11-01,Salario del empleo formal,4818.2709999999997,Real
2006-12-01,Salario del empleo formal,4755.5889999999999,Real
2007-01-01,Salario del empleo formal,4785.0659999999998,Real
2007-02-01,Salario del empleo formal,4729.04,Real
2007-03-01,Salario del empleo formal,4712.9210000000003,Real
2007-04-01,Salario del empleo formal,4679.8860000000004,Real
2007-05-01,Salario del empleo formal,4804.308,Real
2007-06-01,Salario del empleo formal,4354.9899999999998,Real
2007-07-01,Salario del empleo formal,4383.0190000000002,Real
2007-08-01,Salario del empleo formal,4383.1199999999999,Real
2007-09-01,Salario del empleo formal,4340.9849999999997,Real
2007-10-01,Salario del empleo formal,4280.5429999999997,Real
2007-11-01,Salario del empleo formal,4104.9960000000001,Real
2007-12-01,Salario del empleo formal,4092.0169999999998,Real
2008-01-01,Salario del empleo formal,4045.4090000000001,Real
2008-02-01,Salario del empleo formal,3962.2399999999998,Real
2008-03-01,Salario del empleo formal,4134.2849999999999,Real
2008-04-01,Salario del empleo formal,4100.259,Real
2008-05-01,Salario del empleo formal,4039.973,Real
2008-06-01,Salario del empleo formal,3977.6959999999999,Real
2008-07-01,Salario del empleo formal,3933.779,Real
2008-08-01,Salario del empleo formal,3951.0430000000001,Real
2008-09-01,Salario del empleo formal,3983.2979999999998,Real
2008-10-01,Salario del empleo formal,3987.5970000000002,Real
2008-11-01,Salario del empleo formal,4001.7220000000002,Real
2008-12-01,Salario del empleo formal,4037.29,Real
2009-01-01,Salario del empleo formal,4110.4650000000001,Real
2009-02-01,Salario del empleo formal,4134.2489999999998,Real
2009-03-01,Salario del empleo formal,4183.7719999999999,Real
2009-04-01,Salario del empleo formal,4247.3410000000003,Real
2009-05-01,Salario del empleo formal,4399.9430000000002,Real
2009-06-01,Salario del empleo formal,4411.1559999999999,Real
2009-07-01,Salario del empleo formal,4462.3059999999996,Real
2009-08-01,Salario del empleo formal,4464.7950000000001,Real
2009-09-01,Salario del empleo formal,4458.8329999999996,Real
2009-10-01,Salario del empleo formal,4455.2349999999997,Real
2009-11-01,Salario del empleo formal,4459.2420000000002,Real
2009-12-01,Salario del empleo formal,4450.2449999999999,Real
2010-01-01,Salario del empleo formal,4410.3609999999999,Real
2010-02-01,Salario del empleo formal,4349.7749999999996,Real
2010-03-01,Salario del empleo formal,4349.6999999999998,Real
2010-04-01,Salario del empleo formal,4341.598,Real
2010-05-01,Salario del empleo formal,4366.299,Real
2010-06-01,Salario del empleo formal,4394.4889999999996,Real
2010-07-01,Salario del empleo formal,4371.6130000000003,Real
2010-08-01,Salario del empleo formal,4394.4530000000004,Real
2010-09-01,Salario del empleo formal,4380.0240000000003,Real
2010-10-01,Salario del empleo formal,4291.5770000000002,Real
2010-11-01,Salario del empleo formal,4236.0569999999998,Real
2010-12-01,Salario del empleo formal,4213.1270000000004,Real
2011-01-01,Salario del empleo formal,4220.768,Real
2011-02-01,Salario del empleo formal,4236.1750000000002,Real
2011-03-01,Salario del empleo formal,4248.7290000000003,Real
2011-04-01,Salario del empleo formal,4273.6859999999997,Real
2011-05-01,Salario del empleo formal,4231.0240000000003,Real
2011-06-01,Salario del empleo formal,4207.7700000000004,Real
2011-07-01,Salario del empleo formal,4212.5039999999999,Real
2011-08-01,Salario del empleo formal,4202.4040000000005,Real
2011-09-01,Salario del empleo formal,4201.0609999999997,Real
2011-10-01,Salario del empleo formal,4186.3159999999998,Real
2011-11-01,Salario del empleo formal,4135.8410000000003,Real
2011-12-01,Salario del empleo formal,4096.2079999999996,Real
2012-01-01,Salario del empleo formal,4092.0630000000001,Real
2012-02-01,Salario del empleo formal,4043.0929999999998,Real
2012-03-01,Salario del empleo formal,4183.2619999999997,Real
2012-04-01,Salario del empleo formal,4142.2920000000004,Real
2012-05-01,Salario del empleo formal,4162.7060000000001,Real
2012-06-01,Salario del empleo formal,4188.665,Real
2012-07-01,Salario del empleo formal,4189.46,Real
2012-08-01,Salario del empleo formal,4195.6109999999999,Real
2012-09-01,Salario del empleo formal,4178.8450000000003,Real
2012-10-01,Salario del empleo formal,4159.1959999999999,Real
2012-11-01,Salario del empleo formal,4123.1090000000004,Real
2012-12-01,Salario del empleo formal,4061.056,Real
2013-01-01,Salario del empleo formal,4032.0681,Real
2013-02-01,Salario del empleo formal,4021.902,Real
2013-03-01,Salario del empleo formal,4069.7869999999998,Real
2013-04-01,Salario del empleo formal,4093.741,Real
2013-05-01,Salario del empleo formal,4065.6421999999998,Real
2013-06-01,Salario del empleo formal,4152.0740999999998,Real
2013-07-01,Salario del empleo formal,4191.8131000000003,Real
2013-08-01,Salario del empleo formal,4175.4403000000002,Real
2013-09-01,Salario del empleo formal,4198.2278999999999,Real
2013-10-01,Salario del empleo formal,4198.8326999999999,Real
2013-11-01,Salario del empleo formal,4182.0445,Real
2013-12-01,Salario del empleo formal,4162.9516000000003,Real
2014-01-01,Salario del empleo formal,4141.5829999999996,Real
2014-02-01,Salario del empleo formal,4280.9409999999998,Real
2014-03-01,Salario del empleo formal,4287.1940000000004,Real
2014-04-01,Salario del empleo formal,4274.6629999999996,Real
2014-05-01,Salario del empleo formal,4293.7839999999997,Real
2014-06-01,Salario del empleo formal,4261.8029999999999,Real
2014-07-01,Salario del empleo formal,4244.6679999999997,Real
2014-08-01,Salario del empleo formal,4247.2579999999998,Real
2014-09-01,Salario del empleo formal,4263.1872999999996,Real
2014-10-01,Salario del empleo formal,4262.9660000000003,Real
2014-11-01,Salario del empleo formal,4218.9570000000003,Real
2014-12-01,Salario del empleo formal,4239.1082999999999,Real
2015-01-01,Salario del empleo formal,4262.46,Real
2015-02-01,Salario del empleo formal,4309.4480000000003,Real
2015-03-01,Salario del empleo formal,4367.0550000000003,Real
2015-04-01,Salario del empleo formal,4379.4440000000004,Real
2015-05-01,Salario del empleo formal,4365.0559999999996,Real
2015-06-01,Salario del empleo formal,4379.7659999999996,Real
2015-07-01,Salario del empleo formal,4398.3459999999995,Real
2015-08-01,Salario del empleo formal,4405.6440000000002,Real
2015-09-01,Salario del empleo formal,4418.4214000000002,Real
2015-10-01,Salario del empleo formal,4408.0865000000003,Real
2015-11-01,Salario del empleo formal,4405.3425999999999,Real
2015-12-01,Salario del empleo formal,4368.1535999999996,Real
2016-01-01,Salario del empleo formal,4378.1010999999999,Real
2016-02-01,Salario del empleo formal,4515.0950000000003,Real
2016-03-01,Salario del empleo formal,4490.1809999999996,Real
2016-04-01,Salario del empleo formal,4487.7384000000002,Real
2016-05-01,Salario del empleo formal,4475.4605000000001,Real
2016-06-01,Salario del empleo formal,4481.8720999999996,Real
2016-07-01,Salario del empleo formal,4512.6678000000002,Real
2016-08-01,Salario del empleo formal,4532.6684999999998,Real
2016-09-01,Salario del empleo formal,4552.3104999999996,Real
2016-10-01,Salario del empleo formal,4550.5509000000002,Real
2016-11-01,Salario del empleo formal,4547.4483,Real
2016-12-01,Salario del empleo formal,4516.4362000000001,Real
2017-01-01,Salario del empleo formal,4495.0694999999996,Real
2017-02-01,Salario del empleo formal,4605.0159999999996,Real
2017-03-01,Salario del empleo formal,4716.3606,Real
2017-04-01,Salario del empleo formal,4723.1724999999997,Real
2017-05-01,Salario del empleo formal,4746.5246999999999,Real
2017-06-01,Salario del empleo formal,4859.1027000000004,Real
2017-07-01,Salario del empleo formal,4844.8729999999996,Real
2017-08-01,Salario del empleo formal,4867.1702999999998,Real
2017-09-01,Salario del empleo formal,4884.4989999999998,Real
2017-10-01,Salario del empleo formal,4865.3665000000001,Real
2017-11-01,Salario del empleo formal,4888.9058000000005,Real
2017-12-01,Salario del empleo formal,4837.3975,Real
2018-01-01,Salario del empleo formal,4824.7233999999999,Real
2018-02-01,Salario del empleo formal,4814.4831000000004,Real
2018-03-01,Salario del empleo formal,4809.4300000000003,Real
2018-04-01,Salario del empleo formal,4794.9580999999998,Real
2018-05-01,Salario del empleo formal,4769.0513000000001,Real
2018-06-01,Salario del empleo formal,4749.2674999999999,Real
2018-07-01,Salario del empleo formal,4753.6749,Real
2018-08-01,Salario del empleo formal,4765.8098,Real
2018-09-01,Salario del empleo formal,4810.6540999999997,Real
2018-10-01,Salario del empleo formal,4796.1562000000004,Real
2018-11-01,Salario del empleo formal,4775.1423999999997,Real
2018-12-01,Salario del empleo formal,4747.1360000000004,Real
2019-01-01,Salario del empleo formal,4762.9957000000004,Real
2019-02-01,Salario del empleo formal,4754.3552,Real
2019-03-01,Salario del empleo formal,4672.4489000000003,Real
2019-04-01,Salario del empleo formal,4635.5289000000002,Real
2019-05-01,Salario del empleo formal,4603.2093000000004,Real
2019-06-01,Salario del empleo formal,4600.9669000000004,Real
2019-07-01,Salario del empleo formal,4586.5460999999996,Real
2019-08-01,Salario del empleo formal,4588.4390999999996,Real
2019-09-01,Salario del empleo formal,4595.6130999999996,Real
2019-10-01,Salario del empleo formal,4581.3305,Real
2019-11-01,Salario del empleo formal,4545.8662000000004,Real
2019-12-01,Salario del empleo formal,4500.4681,Real
2020-01-01,Salario del empleo formal,4500.4903999999997,Real
2020-02-01,Salario del empleo formal,4489.0978999999998,Real
2020-03-01,Salario del empleo formal,4498.6315999999997,Real
2020-04-01,Salario del empleo formal,4503.7330000000002,Real
2020-05-01,Salario del empleo formal,4485.5254000000004,Real
2020-06-01,Salario del empleo formal,4453.5514999999996,Real
2020-07-01,Salario del empleo formal,4445.9542000000001,Real
2020-08-01,Salario del empleo formal,4473.0366999999997,Real
2020-09-01,Salario del empleo formal,4482.8253000000004,Real
2020-10-01,Salario del empleo formal,4473.1346999999996,Real
2020-11-01,Salario del empleo formal,nd,Real
