date,var,index
1/1/2011,IPC nacional,144.817066
2/1/2011,IPC nacional,145.845987
3/1/2011,IPC nacional,146.786254
4/1/2011,IPC nacional,147.761551
5/1/2011,IPC nacional,149.296602
6/1/2011,IPC nacional,150.280557
7/1/2011,IPC nacional,150.814511
8/1/2011,IPC nacional,151.767869
9/1/2011,IPC nacional,152.134661
10/1/2011,IPC nacional,152.784576
11/1/2011,IPC nacional,154.6954
12/1/2011,IPC nacional,156.565211
1/1/2012,IPC nacional,156.77047
2/1/2012,IPC nacional,158.692902
3/1/2012,IPC nacional,159.334327
4/1/2012,IPC nacional,161.02553
5/1/2012,IPC nacional,160.534116
6/1/2012,IPC nacional,159.995245
7/1/2012,IPC nacional,160.420835
8/1/2012,IPC nacional,160.823025
9/1/2012,IPC nacional,161.879638
10/1/2012,IPC nacional,162.66734
11/1/2012,IPC nacional,164.230056
12/1/2012,IPC nacional,166.927653
1/1/2013,IPC nacional,168.909399
2/1/2013,IPC nacional,169.934807
3/1/2013,IPC nacional,170.16
4/1/2013,IPC nacional,171.240678
5/1/2013,IPC nacional,172.940974
6/1/2013,IPC nacional,173.251283
7/1/2013,IPC nacional,172.702466
8/1/2013,IPC nacional,173.585528
9/1/2013,IPC nacional,173.780781
10/1/2013,IPC nacional,173.778493
11/1/2013,IPC nacional,174.567453
12/1/2013,IPC nacional,176.400474
1/1/2014,IPC nacional,177.679568
2/1/2014,IPC nacional,178.856152
3/1/2014,IPC nacional,178.840341
4/1/2014,IPC nacional,179.632701
5/1/2014,IPC nacional,181.32398
6/1/2014,IPC nacional,183.737904
7/1/2014,IPC nacional,184.682139
8/1/2014,IPC nacional,185.266569
9/1/2014,IPC nacional,185.067197
10/1/2014,IPC nacional,185.390452
11/1/2014,IPC nacional,187.958161
12/1/2014,IPC nacional,187.830682
1/1/2015,IPC nacional,187.3618
2/1/2015,IPC nacional,188.7097135
3/1/2015,IPC nacional,189.43524
4/1/2015,IPC nacional,189.81525
5/1/2015,IPC nacional,190.791014
6/1/2015,IPC nacional,190.760769
7/1/2015,IPC nacional,190.367524
8/1/2015,IPC nacional,190.355672
9/1/2015,IPC nacional,190.194271
10/1/2015,IPC nacional,191.008512
11/1/2015,IPC nacional,191.691151
12/1/2015,IPC nacional,193.563651
1/1/2016,IPC nacional,193.342001
2/1/2016,IPC nacional,195.132987
3/1/2016,IPC nacional,196.3646
4/1/2016,IPC nacional,196.641726
5/1/2016,IPC nacional,197.75737
6/1/2016,IPC nacional,197.559703
7/1/2016,IPC nacional,198.200916
8/1/2016,IPC nacional,197.494907
9/1/2016,IPC nacional,196.894528
10/1/2016,IPC nacional,197.495357
11/1/2016,IPC nacional,198.029144
12/1/2016,IPC nacional,199.621522
1/1/2017,IPC nacional,200.846601
2/1/2017,IPC nacional,202.335409
3/1/2017,IPC nacional,202.580631
4/1/2017,IPC nacional,203.238839
5/1/2017,IPC nacional,203.506574
6/1/2017,IPC nacional,203.607139
7/1/2017,IPC nacional,204.402273
8/1/2017,IPC nacional,204.348885
9/1/2017,IPC nacional,205.01219
10/1/2017,IPC nacional,206.132438
11/1/2017,IPC nacional,208.617225
12/1/2017,IPC nacional,210.957027
1/1/2018,IPC nacional,211.610163
2/1/2018,IPC nacional,212.080093
3/1/2018,IPC nacional,212.382353
4/1/2018,IPC nacional,213.043272
5/1/2018,IPC nacional,214.220605
6/1/2018,IPC nacional,215.153193
7/1/2018,IPC nacional,214.973807
8/1/2018,IPC nacional,214.466511
9/1/2018,IPC nacional,215.544504
10/1/2018,IPC nacional,216.654053
11/1/2018,IPC nacional,217.787482
12/1/2018,IPC nacional,219.152823
1/1/2019,IPC nacional,218.603559
2/1/2019,IPC nacional,219.201727
3/1/2019,IPC nacional,223.187338
4/1/2019,IPC nacional,225.335782
5/1/2019,IPC nacional,227.063122
6/1/2019,IPC nacional,227.25682
7/1/2019,IPC nacional,228.054639
8/1/2019,IPC nacional,227.981369
9/1/2019,IPC nacional,227.667041
10/1/2019,IPC nacional,228.439352
11/1/2019,IPC nacional,230.242516
12/1/2019,IPC nacional,232.586287
1/1/2020,IPC nacional,232.62758
2/1/2020,IPC nacional,233.260496
3/1/2020,IPC nacional,233.048955
4/1/2020,IPC nacional,232.650944
5/1/2020,IPC nacional,233.723071
6/1/2020,IPC nacional,235.486843
7/1/2020,IPC nacional,235.910731
8/1/2020,IPC nacional,234.525085
9/1/2020,IPC nacional,234.055592
10/1/2020,IPC nacional,234.584004
11/1/2020,IPC nacional,236.327906
12/1/2020,IPC nacional,239.40239
1/1/2021,IPC nacional,240.03097
1/1/2011,Alimentos y bebidas no alcohólicas,162.722909
2/1/2011,Alimentos y bebidas no alcohólicas,163.577822
3/1/2011,Alimentos y bebidas no alcohólicas,163.819677
4/1/2011,Alimentos y bebidas no alcohólicas,164.452358
5/1/2011,Alimentos y bebidas no alcohólicas,166.038499
6/1/2011,Alimentos y bebidas no alcohólicas,168.283505
7/1/2011,Alimentos y bebidas no alcohólicas,168.035284
8/1/2011,Alimentos y bebidas no alcohólicas,170.523496
9/1/2011,Alimentos y bebidas no alcohólicas,170.845576
10/1/2011,Alimentos y bebidas no alcohólicas,171.700653
11/1/2011,Alimentos y bebidas no alcohólicas,176.838226
12/1/2011,Alimentos y bebidas no alcohólicas,178.341729
1/1/2012,Alimentos y bebidas no alcohólicas,178.831908
2/1/2012,Alimentos y bebidas no alcohólicas,181.570893
3/1/2012,Alimentos y bebidas no alcohólicas,181.617832
4/1/2012,Alimentos y bebidas no alcohólicas,184.512262
5/1/2012,Alimentos y bebidas no alcohólicas,182.904286
6/1/2012,Alimentos y bebidas no alcohólicas,181.65994
7/1/2012,Alimentos y bebidas no alcohólicas,181.812003
8/1/2012,Alimentos y bebidas no alcohólicas,180.76849
9/1/2012,Alimentos y bebidas no alcohólicas,182.180112
10/1/2012,Alimentos y bebidas no alcohólicas,183.324993
11/1/2012,Alimentos y bebidas no alcohólicas,187.370784
12/1/2012,Alimentos y bebidas no alcohólicas,192.767028
1/1/2013,Alimentos y bebidas no alcohólicas,197.90992
2/1/2013,Alimentos y bebidas no alcohólicas,197.785536
3/1/2013,Alimentos y bebidas no alcohólicas,197.62
4/1/2013,Alimentos y bebidas no alcohólicas,199.145212
5/1/2013,Alimentos y bebidas no alcohólicas,202.28681
6/1/2013,Alimentos y bebidas no alcohólicas,202.676291
7/1/2013,Alimentos y bebidas no alcohólicas,200.203728
8/1/2013,Alimentos y bebidas no alcohólicas,201.500844
9/1/2013,Alimentos y bebidas no alcohólicas,200.862221
10/1/2013,Alimentos y bebidas no alcohólicas,199.975158
11/1/2013,Alimentos y bebidas no alcohólicas,201.519073
12/1/2013,Alimentos y bebidas no alcohólicas,204.285513
1/1/2014,Alimentos y bebidas no alcohólicas,207.53251
2/1/2014,Alimentos y bebidas no alcohólicas,207.380626
3/1/2014,Alimentos y bebidas no alcohólicas,206.262869
4/1/2014,Alimentos y bebidas no alcohólicas,207.933105
5/1/2014,Alimentos y bebidas no alcohólicas,212.016299
6/1/2014,Alimentos y bebidas no alcohólicas,218.236865
7/1/2014,Alimentos y bebidas no alcohólicas,219.79696
8/1/2014,Alimentos y bebidas no alcohólicas,220.650626
9/1/2014,Alimentos y bebidas no alcohólicas,219.146134
10/1/2014,Alimentos y bebidas no alcohólicas,220.069054
11/1/2014,Alimentos y bebidas no alcohólicas,227.88513
12/1/2014,Alimentos y bebidas no alcohólicas,228.260647
1/1/2015,Alimentos y bebidas no alcohólicas,227.999416
2/1/2015,Alimentos y bebidas no alcohólicas,226.6857899
3/1/2015,Alimentos y bebidas no alcohólicas,225.829608
4/1/2015,Alimentos y bebidas no alcohólicas,227.46227
5/1/2015,Alimentos y bebidas no alcohólicas,228.119372
6/1/2015,Alimentos y bebidas no alcohólicas,227.222342
7/1/2015,Alimentos y bebidas no alcohólicas,224.903884
8/1/2015,Alimentos y bebidas no alcohólicas,224.44298
9/1/2015,Alimentos y bebidas no alcohólicas,224.42293
10/1/2015,Alimentos y bebidas no alcohólicas,225.591975
11/1/2015,Alimentos y bebidas no alcohólicas,226.442123
12/1/2015,Alimentos y bebidas no alcohólicas,229.165504
1/1/2016,Alimentos y bebidas no alcohólicas,229.325249
2/1/2016,Alimentos y bebidas no alcohólicas,231.467105
3/1/2016,Alimentos y bebidas no alcohólicas,232.841177
4/1/2016,Alimentos y bebidas no alcohólicas,232.087265
5/1/2016,Alimentos y bebidas no alcohólicas,233.349291
6/1/2016,Alimentos y bebidas no alcohólicas,231.49454
7/1/2016,Alimentos y bebidas no alcohólicas,232.506258
8/1/2016,Alimentos y bebidas no alcohólicas,229.914653
9/1/2016,Alimentos y bebidas no alcohólicas,226.1299
10/1/2016,Alimentos y bebidas no alcohólicas,226.16849
11/1/2016,Alimentos y bebidas no alcohólicas,226.667559
12/1/2016,Alimentos y bebidas no alcohólicas,227.617216
1/1/2017,Alimentos y bebidas no alcohólicas,229.372833
2/1/2017,Alimentos y bebidas no alcohólicas,230.685642
3/1/2017,Alimentos y bebidas no alcohólicas,230.760229
4/1/2017,Alimentos y bebidas no alcohólicas,231.156038
5/1/2017,Alimentos y bebidas no alcohólicas,230.512049
6/1/2017,Alimentos y bebidas no alcohólicas,229.05116
7/1/2017,Alimentos y bebidas no alcohólicas,229.997858
8/1/2017,Alimentos y bebidas no alcohólicas,228.369668
9/1/2017,Alimentos y bebidas no alcohólicas,227.901414
10/1/2017,Alimentos y bebidas no alcohólicas,230.570863
11/1/2017,Alimentos y bebidas no alcohólicas,236.681421
12/1/2017,Alimentos y bebidas no alcohólicas,240.525305
1/1/2018,Alimentos y bebidas no alcohólicas,242.199237
2/1/2018,Alimentos y bebidas no alcohólicas,240.441083
3/1/2018,Alimentos y bebidas no alcohólicas,239.675116
4/1/2018,Alimentos y bebidas no alcohólicas,239.272187
5/1/2018,Alimentos y bebidas no alcohólicas,241.311081
6/1/2018,Alimentos y bebidas no alcohólicas,242.897108
7/1/2018,Alimentos y bebidas no alcohólicas,240.363197
8/1/2018,Alimentos y bebidas no alcohólicas,238.571664
9/1/2018,Alimentos y bebidas no alcohólicas,237.811191
10/1/2018,Alimentos y bebidas no alcohólicas,239.409887
11/1/2018,Alimentos y bebidas no alcohólicas,243.53383
12/1/2018,Alimentos y bebidas no alcohólicas,246.261042
1/1/2019,Alimentos y bebidas no alcohólicas,245.305812
2/1/2019,Alimentos y bebidas no alcohólicas,244.956207
3/1/2019,Alimentos y bebidas no alcohólicas,248.922325
4/1/2019,Alimentos y bebidas no alcohólicas,250.043528
5/1/2019,Alimentos y bebidas no alcohólicas,252.837982
6/1/2019,Alimentos y bebidas no alcohólicas,254.428286
7/1/2019,Alimentos y bebidas no alcohólicas,254.758551
8/1/2019,Alimentos y bebidas no alcohólicas,253.19139
9/1/2019,Alimentos y bebidas no alcohólicas,251.076964
10/1/2019,Alimentos y bebidas no alcohólicas,252.118607
11/1/2019,Alimentos y bebidas no alcohólicas,257.049321
12/1/2019,Alimentos y bebidas no alcohólicas,259.397308
1/1/2020,Alimentos y bebidas no alcohólicas,259.165574
2/1/2020,Alimentos y bebidas no alcohólicas,259.903359
3/1/2020,Alimentos y bebidas no alcohólicas,259.717577
4/1/2020,Alimentos y bebidas no alcohólicas,261.143924
5/1/2020,Alimentos y bebidas no alcohólicas,262.65542
6/1/2020,Alimentos y bebidas no alcohólicas,265.230735
7/1/2020,Alimentos y bebidas no alcohólicas,265.870557
8/1/2020,Alimentos y bebidas no alcohólicas,261.338734
9/1/2020,Alimentos y bebidas no alcohólicas,259.439487
10/1/2020,Alimentos y bebidas no alcohólicas,260.426604
11/1/2020,Alimentos y bebidas no alcohólicas,264.889806
12/1/2020,Alimentos y bebidas no alcohólicas,270.170516
1/1/2021,Alimentos y bebidas no alcohólicas,274.423791
1/1/2011,Bebidas alcoholicas y tabaco,159.972715
2/1/2011,Bebidas alcoholicas y tabaco,160.570304
3/1/2011,Bebidas alcoholicas y tabaco,160.362903
4/1/2011,Bebidas alcoholicas y tabaco,160.143234
5/1/2011,Bebidas alcoholicas y tabaco,160.500815
6/1/2011,Bebidas alcoholicas y tabaco,160.947
7/1/2011,Bebidas alcoholicas y tabaco,161.368388
8/1/2011,Bebidas alcoholicas y tabaco,161.805244
9/1/2011,Bebidas alcoholicas y tabaco,161.688564
10/1/2011,Bebidas alcoholicas y tabaco,163.071986
11/1/2011,Bebidas alcoholicas y tabaco,164.051596
12/1/2011,Bebidas alcoholicas y tabaco,164.965463
1/1/2012,Bebidas alcoholicas y tabaco,165.399146
2/1/2012,Bebidas alcoholicas y tabaco,166.284907
3/1/2012,Bebidas alcoholicas y tabaco,166.351517
4/1/2012,Bebidas alcoholicas y tabaco,166.93647
5/1/2012,Bebidas alcoholicas y tabaco,167.71383
6/1/2012,Bebidas alcoholicas y tabaco,168.070054
7/1/2012,Bebidas alcoholicas y tabaco,168.040906
8/1/2012,Bebidas alcoholicas y tabaco,168.919678
9/1/2012,Bebidas alcoholicas y tabaco,170.190077
10/1/2012,Bebidas alcoholicas y tabaco,171.919334
11/1/2012,Bebidas alcoholicas y tabaco,172.8009
12/1/2012,Bebidas alcoholicas y tabaco,174.160526
1/1/2013,Bebidas alcoholicas y tabaco,176.745837
2/1/2013,Bebidas alcoholicas y tabaco,177.975281
3/1/2013,Bebidas alcoholicas y tabaco,179.28
4/1/2013,Bebidas alcoholicas y tabaco,179.591003
5/1/2013,Bebidas alcoholicas y tabaco,179.788269
6/1/2013,Bebidas alcoholicas y tabaco,180.305068
7/1/2013,Bebidas alcoholicas y tabaco,182.744703
8/1/2013,Bebidas alcoholicas y tabaco,183.817923
9/1/2013,Bebidas alcoholicas y tabaco,185.98178
10/1/2013,Bebidas alcoholicas y tabaco,187.80972
11/1/2013,Bebidas alcoholicas y tabaco,189.070809
12/1/2013,Bebidas alcoholicas y tabaco,189.224847
1/1/2014,Bebidas alcoholicas y tabaco,192.098922
2/1/2014,Bebidas alcoholicas y tabaco,193.122743
3/1/2014,Bebidas alcoholicas y tabaco,194.033681
4/1/2014,Bebidas alcoholicas y tabaco,193.764301
5/1/2014,Bebidas alcoholicas y tabaco,193.989772
6/1/2014,Bebidas alcoholicas y tabaco,195.016973
7/1/2014,Bebidas alcoholicas y tabaco,198.78156
8/1/2014,Bebidas alcoholicas y tabaco,199.277207
9/1/2014,Bebidas alcoholicas y tabaco,201.346078
10/1/2014,Bebidas alcoholicas y tabaco,203.001724
11/1/2014,Bebidas alcoholicas y tabaco,203.789542
12/1/2014,Bebidas alcoholicas y tabaco,203.310922
1/1/2015,Bebidas alcoholicas y tabaco,206.898603
2/1/2015,Bebidas alcoholicas y tabaco,209.0006592
3/1/2015,Bebidas alcoholicas y tabaco,210.13865
4/1/2015,Bebidas alcoholicas y tabaco,210.868025
5/1/2015,Bebidas alcoholicas y tabaco,211.17845
6/1/2015,Bebidas alcoholicas y tabaco,212.516954
7/1/2015,Bebidas alcoholicas y tabaco,218.498939
8/1/2015,Bebidas alcoholicas y tabaco,221.452516
9/1/2015,Bebidas alcoholicas y tabaco,222.887675
10/1/2015,Bebidas alcoholicas y tabaco,223.668042
11/1/2015,Bebidas alcoholicas y tabaco,223.83838
12/1/2015,Bebidas alcoholicas y tabaco,224.517861
1/1/2016,Bebidas alcoholicas y tabaco,229.657623
2/1/2016,Bebidas alcoholicas y tabaco,231.669498
3/1/2016,Bebidas alcoholicas y tabaco,233.256139
4/1/2016,Bebidas alcoholicas y tabaco,233.675054
5/1/2016,Bebidas alcoholicas y tabaco,234.630369
6/1/2016,Bebidas alcoholicas y tabaco,236.026703
7/1/2016,Bebidas alcoholicas y tabaco,236.838555
8/1/2016,Bebidas alcoholicas y tabaco,237.794421
9/1/2016,Bebidas alcoholicas y tabaco,239.259377
10/1/2016,Bebidas alcoholicas y tabaco,239.515483
11/1/2016,Bebidas alcoholicas y tabaco,241.04748
12/1/2016,Bebidas alcoholicas y tabaco,242.275811
1/1/2017,Bebidas alcoholicas y tabaco,247.242435
2/1/2017,Bebidas alcoholicas y tabaco,252.730717
3/1/2017,Bebidas alcoholicas y tabaco,252.800273
4/1/2017,Bebidas alcoholicas y tabaco,253.597834
5/1/2017,Bebidas alcoholicas y tabaco,254.875834
6/1/2017,Bebidas alcoholicas y tabaco,254.911695
7/1/2017,Bebidas alcoholicas y tabaco,254.02946
8/1/2017,Bebidas alcoholicas y tabaco,255.822072
9/1/2017,Bebidas alcoholicas y tabaco,256.555849
10/1/2017,Bebidas alcoholicas y tabaco,256.831967
11/1/2017,Bebidas alcoholicas y tabaco,256.313804
12/1/2017,Bebidas alcoholicas y tabaco,256.776539
1/1/2018,Bebidas alcoholicas y tabaco,260.744796
2/1/2018,Bebidas alcoholicas y tabaco,264.000025
3/1/2018,Bebidas alcoholicas y tabaco,270.76409
4/1/2018,Bebidas alcoholicas y tabaco,271.89085
5/1/2018,Bebidas alcoholicas y tabaco,271.763432
6/1/2018,Bebidas alcoholicas y tabaco,272.536316
7/1/2018,Bebidas alcoholicas y tabaco,274.308484
8/1/2018,Bebidas alcoholicas y tabaco,274.994206
9/1/2018,Bebidas alcoholicas y tabaco,275.835842
10/1/2018,Bebidas alcoholicas y tabaco,276.026895
11/1/2018,Bebidas alcoholicas y tabaco,277.421891
12/1/2018,Bebidas alcoholicas y tabaco,277.886022
1/1/2019,Bebidas alcoholicas y tabaco,280.722502
2/1/2019,Bebidas alcoholicas y tabaco,283.180391
3/1/2019,Bebidas alcoholicas y tabaco,372.022822
4/1/2019,Bebidas alcoholicas y tabaco,409.207802
5/1/2019,Bebidas alcoholicas y tabaco,405.145075
6/1/2019,Bebidas alcoholicas y tabaco,399.252085
7/1/2019,Bebidas alcoholicas y tabaco,394.034496
8/1/2019,Bebidas alcoholicas y tabaco,397.079922
9/1/2019,Bebidas alcoholicas y tabaco,396.722923
10/1/2019,Bebidas alcoholicas y tabaco,396.506904
11/1/2019,Bebidas alcoholicas y tabaco,397.433114
12/1/2019,Bebidas alcoholicas y tabaco,399.30299
1/1/2020,Bebidas alcoholicas y tabaco,412.731738
2/1/2020,Bebidas alcoholicas y tabaco,422.314092
3/1/2020,Bebidas alcoholicas y tabaco,422.912451
4/1/2020,Bebidas alcoholicas y tabaco,422.531733
5/1/2020,Bebidas alcoholicas y tabaco,422.276202
6/1/2020,Bebidas alcoholicas y tabaco,425.743315
7/1/2020,Bebidas alcoholicas y tabaco,427.592531
8/1/2020,Bebidas alcoholicas y tabaco,426.936425
9/1/2020,Bebidas alcoholicas y tabaco,426.970015
10/1/2020,Bebidas alcoholicas y tabaco,427.901513
11/1/2020,Bebidas alcoholicas y tabaco,430.123527
12/1/2020,Bebidas alcoholicas y tabaco,430.681049
1/1/2021,Bebidas alcoholicas y tabaco,456.869466
1/1/2011,Prendas de vestir y calzado,135.048291
2/1/2011,Prendas de vestir y calzado,135.829088
3/1/2011,Prendas de vestir y calzado,136.62761
4/1/2011,Prendas de vestir y calzado,137.356878
5/1/2011,Prendas de vestir y calzado,139.656096
6/1/2011,Prendas de vestir y calzado,141.309267
7/1/2011,Prendas de vestir y calzado,142.945327
8/1/2011,Prendas de vestir y calzado,143.870203
9/1/2011,Prendas de vestir y calzado,144.827882
10/1/2011,Prendas de vestir y calzado,146.396222
11/1/2011,Prendas de vestir y calzado,147.441743
12/1/2011,Prendas de vestir y calzado,149.571493
1/1/2012,Prendas de vestir y calzado,150.610633
2/1/2012,Prendas de vestir y calzado,151.427649
3/1/2012,Prendas de vestir y calzado,151.95583
4/1/2012,Prendas de vestir y calzado,152.476843
5/1/2012,Prendas de vestir y calzado,153.073488
6/1/2012,Prendas de vestir y calzado,153.882951
7/1/2012,Prendas de vestir y calzado,155.064022
8/1/2012,Prendas de vestir y calzado,155.790667
9/1/2012,Prendas de vestir y calzado,156.511554
10/1/2012,Prendas de vestir y calzado,157.331167
11/1/2012,Prendas de vestir y calzado,158.179631
12/1/2012,Prendas de vestir y calzado,160.058929
1/1/2013,Prendas de vestir y calzado,160.998619
2/1/2013,Prendas de vestir y calzado,161.697046
3/1/2013,Prendas de vestir y calzado,162.23
4/1/2013,Prendas de vestir y calzado,162.725982
5/1/2013,Prendas de vestir y calzado,162.998591
6/1/2013,Prendas de vestir y calzado,163.627943
7/1/2013,Prendas de vestir y calzado,164.087656
8/1/2013,Prendas de vestir y calzado,164.338795
9/1/2013,Prendas de vestir y calzado,164.582443
10/1/2013,Prendas de vestir y calzado,165.022938
11/1/2013,Prendas de vestir y calzado,165.661894
12/1/2013,Prendas de vestir y calzado,166.337619
1/1/2014,Prendas de vestir y calzado,166.850294
2/1/2014,Prendas de vestir y calzado,167.36329
3/1/2014,Prendas de vestir y calzado,167.632036
4/1/2014,Prendas de vestir y calzado,167.866285
5/1/2014,Prendas de vestir y calzado,168.363684
6/1/2014,Prendas de vestir y calzado,169.11848
7/1/2014,Prendas de vestir y calzado,169.492397
8/1/2014,Prendas de vestir y calzado,169.784926
9/1/2014,Prendas de vestir y calzado,170.182839
10/1/2014,Prendas de vestir y calzado,170.505624
11/1/2014,Prendas de vestir y calzado,171.098192
12/1/2014,Prendas de vestir y calzado,171.588645
1/1/2015,Prendas de vestir y calzado,172.145791
2/1/2015,Prendas de vestir y calzado,172.6983713
3/1/2015,Prendas de vestir y calzado,173.109453
4/1/2015,Prendas de vestir y calzado,173.463155
5/1/2015,Prendas de vestir y calzado,173.814282
6/1/2015,Prendas de vestir y calzado,174.090963
7/1/2015,Prendas de vestir y calzado,174.430257
8/1/2015,Prendas de vestir y calzado,174.723938
9/1/2015,Prendas de vestir y calzado,175.062625
10/1/2015,Prendas de vestir y calzado,175.575539
11/1/2015,Prendas de vestir y calzado,176.298078
12/1/2015,Prendas de vestir y calzado,176.716015
1/1/2016,Prendas de vestir y calzado,177.460466
2/1/2016,Prendas de vestir y calzado,178.116083
3/1/2016,Prendas de vestir y calzado,178.552556
4/1/2016,Prendas de vestir y calzado,179.049321
5/1/2016,Prendas de vestir y calzado,179.751168
6/1/2016,Prendas de vestir y calzado,180.054618
7/1/2016,Prendas de vestir y calzado,180.731087
8/1/2016,Prendas de vestir y calzado,181.217367
9/1/2016,Prendas de vestir y calzado,181.768892
10/1/2016,Prendas de vestir y calzado,182.25618
11/1/2016,Prendas de vestir y calzado,182.705792
12/1/2016,Prendas de vestir y calzado,183.345019
1/1/2017,Prendas de vestir y calzado,183.925859
2/1/2017,Prendas de vestir y calzado,184.195933
3/1/2017,Prendas de vestir y calzado,184.362436
4/1/2017,Prendas de vestir y calzado,184.529737
5/1/2017,Prendas de vestir y calzado,184.996729
6/1/2017,Prendas de vestir y calzado,185.454092
7/1/2017,Prendas de vestir y calzado,186.069404
8/1/2017,Prendas de vestir y calzado,186.564879
9/1/2017,Prendas de vestir y calzado,186.838681
10/1/2017,Prendas de vestir y calzado,187.219851
11/1/2017,Prendas de vestir y calzado,187.913982
12/1/2017,Prendas de vestir y calzado,188.418088
1/1/2018,Prendas de vestir y calzado,188.729342
2/1/2018,Prendas de vestir y calzado,189.342221
3/1/2018,Prendas de vestir y calzado,189.665021
4/1/2018,Prendas de vestir y calzado,189.848215
5/1/2018,Prendas de vestir y calzado,190.007267
6/1/2018,Prendas de vestir y calzado,190.434068
7/1/2018,Prendas de vestir y calzado,190.525974
8/1/2018,Prendas de vestir y calzado,190.864198
9/1/2018,Prendas de vestir y calzado,190.927098
10/1/2018,Prendas de vestir y calzado,191.18357
11/1/2018,Prendas de vestir y calzado,191.650818
12/1/2018,Prendas de vestir y calzado,192.436122
1/1/2019,Prendas de vestir y calzado,192.992695
2/1/2019,Prendas de vestir y calzado,194.447425
3/1/2019,Prendas de vestir y calzado,195.235743
4/1/2019,Prendas de vestir y calzado,196.613081
5/1/2019,Prendas de vestir y calzado,197.229787
6/1/2019,Prendas de vestir y calzado,197.850858
7/1/2019,Prendas de vestir y calzado,198.331652
8/1/2019,Prendas de vestir y calzado,198.702293
9/1/2019,Prendas de vestir y calzado,198.889274
10/1/2019,Prendas de vestir y calzado,199.275027
11/1/2019,Prendas de vestir y calzado,199.748704
12/1/2019,Prendas de vestir y calzado,200.064236
1/1/2020,Prendas de vestir y calzado,200.748623
2/1/2020,Prendas de vestir y calzado,201.120985
3/1/2020,Prendas de vestir y calzado,201.310224
4/1/2020,Prendas de vestir y calzado,201.346369
5/1/2020,Prendas de vestir y calzado,201.26154
6/1/2020,Prendas de vestir y calzado,200.947572
7/1/2020,Prendas de vestir y calzado,201.41472
8/1/2020,Prendas de vestir y calzado,201.844768
9/1/2020,Prendas de vestir y calzado,202.182801
10/1/2020,Prendas de vestir y calzado,202.474982
11/1/2020,Prendas de vestir y calzado,202.996254
12/1/2020,Prendas de vestir y calzado,203.752546
1/1/2021,Prendas de vestir y calzado,204.097255
1/1/2011,"Alojamiento, agua, electricidad, gas y otros combustibles",137.173379
2/1/2011,"Alojamiento, agua, electricidad, gas y otros combustibles",137.935534
3/1/2011,"Alojamiento, agua, electricidad, gas y otros combustibles",138.917574
4/1/2011,"Alojamiento, agua, electricidad, gas y otros combustibles",140.126878
5/1/2011,"Alojamiento, agua, electricidad, gas y otros combustibles",141.456474
6/1/2011,"Alojamiento, agua, electricidad, gas y otros combustibles",142.636005
7/1/2011,"Alojamiento, agua, electricidad, gas y otros combustibles",143.146057
8/1/2011,"Alojamiento, agua, electricidad, gas y otros combustibles",143.615392
9/1/2011,"Alojamiento, agua, electricidad, gas y otros combustibles",144.568963
10/1/2011,"Alojamiento, agua, electricidad, gas y otros combustibles",145.065302
11/1/2011,"Alojamiento, agua, electricidad, gas y otros combustibles",145.033934
12/1/2011,"Alojamiento, agua, electricidad, gas y otros combustibles",145.605307
1/1/2012,"Alojamiento, agua, electricidad, gas y otros combustibles",148.925028
2/1/2012,"Alojamiento, agua, electricidad, gas y otros combustibles",149.034303
3/1/2012,"Alojamiento, agua, electricidad, gas y otros combustibles",148.967936
4/1/2012,"Alojamiento, agua, electricidad, gas y otros combustibles",149.777344
5/1/2012,"Alojamiento, agua, electricidad, gas y otros combustibles",149.488548
6/1/2012,"Alojamiento, agua, electricidad, gas y otros combustibles",146.440219
7/1/2012,"Alojamiento, agua, electricidad, gas y otros combustibles",145.404695
8/1/2012,"Alojamiento, agua, electricidad, gas y otros combustibles",146.640838
9/1/2012,"Alojamiento, agua, electricidad, gas y otros combustibles",147.951627
10/1/2012,"Alojamiento, agua, electricidad, gas y otros combustibles",148.581834
11/1/2012,"Alojamiento, agua, electricidad, gas y otros combustibles",149.56321
12/1/2012,"Alojamiento, agua, electricidad, gas y otros combustibles",149.865257
1/1/2013,"Alojamiento, agua, electricidad, gas y otros combustibles",150.452171
2/1/2013,"Alojamiento, agua, electricidad, gas y otros combustibles",151.18756
3/1/2013,"Alojamiento, agua, electricidad, gas y otros combustibles",151.5
4/1/2013,"Alojamiento, agua, electricidad, gas y otros combustibles",153.341835
5/1/2013,"Alojamiento, agua, electricidad, gas y otros combustibles",155.306163
6/1/2013,"Alojamiento, agua, electricidad, gas y otros combustibles",155.527466
7/1/2013,"Alojamiento, agua, electricidad, gas y otros combustibles",155.326088
8/1/2013,"Alojamiento, agua, electricidad, gas y otros combustibles",156.795761
9/1/2013,"Alojamiento, agua, electricidad, gas y otros combustibles",158.877039
10/1/2013,"Alojamiento, agua, electricidad, gas y otros combustibles",162.401196
11/1/2013,"Alojamiento, agua, electricidad, gas y otros combustibles",163.738143
12/1/2013,"Alojamiento, agua, electricidad, gas y otros combustibles",164.450271
1/1/2014,"Alojamiento, agua, electricidad, gas y otros combustibles",166.15921
2/1/2014,"Alojamiento, agua, electricidad, gas y otros combustibles",169.246951
3/1/2014,"Alojamiento, agua, electricidad, gas y otros combustibles",168.031187
4/1/2014,"Alojamiento, agua, electricidad, gas y otros combustibles",165.696257
5/1/2014,"Alojamiento, agua, electricidad, gas y otros combustibles",166.216017
6/1/2014,"Alojamiento, agua, electricidad, gas y otros combustibles",166.384366
7/1/2014,"Alojamiento, agua, electricidad, gas y otros combustibles",167.068522
8/1/2014,"Alojamiento, agua, electricidad, gas y otros combustibles",167.505525
9/1/2014,"Alojamiento, agua, electricidad, gas y otros combustibles",167.943952
10/1/2014,"Alojamiento, agua, electricidad, gas y otros combustibles",169.672818
11/1/2014,"Alojamiento, agua, electricidad, gas y otros combustibles",168.4892
12/1/2014,"Alojamiento, agua, electricidad, gas y otros combustibles",166.889357
1/1/2015,"Alojamiento, agua, electricidad, gas y otros combustibles",166.22287
2/1/2015,"Alojamiento, agua, electricidad, gas y otros combustibles",168.9538519
3/1/2015,"Alojamiento, agua, electricidad, gas y otros combustibles",170.211541
4/1/2015,"Alojamiento, agua, electricidad, gas y otros combustibles",164.78151
5/1/2015,"Alojamiento, agua, electricidad, gas y otros combustibles",165.168255
6/1/2015,"Alojamiento, agua, electricidad, gas y otros combustibles",164.337438
7/1/2015,"Alojamiento, agua, electricidad, gas y otros combustibles",163.987771
8/1/2015,"Alojamiento, agua, electricidad, gas y otros combustibles",164.402322
9/1/2015,"Alojamiento, agua, electricidad, gas y otros combustibles",164.987112
10/1/2015,"Alojamiento, agua, electricidad, gas y otros combustibles",166.328759
11/1/2015,"Alojamiento, agua, electricidad, gas y otros combustibles",166.942702
12/1/2015,"Alojamiento, agua, electricidad, gas y otros combustibles",170.679382
1/1/2016,"Alojamiento, agua, electricidad, gas y otros combustibles",170.511371
2/1/2016,"Alojamiento, agua, electricidad, gas y otros combustibles",168.694355
3/1/2016,"Alojamiento, agua, electricidad, gas y otros combustibles",169.618632
4/1/2016,"Alojamiento, agua, electricidad, gas y otros combustibles",170.717607
5/1/2016,"Alojamiento, agua, electricidad, gas y otros combustibles",171.303346
6/1/2016,"Alojamiento, agua, electricidad, gas y otros combustibles",172.958213
7/1/2016,"Alojamiento, agua, electricidad, gas y otros combustibles",173.807368
8/1/2016,"Alojamiento, agua, electricidad, gas y otros combustibles",173.338336
9/1/2016,"Alojamiento, agua, electricidad, gas y otros combustibles",173.612686
10/1/2016,"Alojamiento, agua, electricidad, gas y otros combustibles",175.017987
11/1/2016,"Alojamiento, agua, electricidad, gas y otros combustibles",176.519356
12/1/2016,"Alojamiento, agua, electricidad, gas y otros combustibles",176.993985
1/1/2017,"Alojamiento, agua, electricidad, gas y otros combustibles",183.643278
2/1/2017,"Alojamiento, agua, electricidad, gas y otros combustibles",186.109435
3/1/2017,"Alojamiento, agua, electricidad, gas y otros combustibles",185.752366
4/1/2017,"Alojamiento, agua, electricidad, gas y otros combustibles",184.343265
5/1/2017,"Alojamiento, agua, electricidad, gas y otros combustibles",185.072554
6/1/2017,"Alojamiento, agua, electricidad, gas y otros combustibles",186.855061
7/1/2017,"Alojamiento, agua, electricidad, gas y otros combustibles",186.982899
8/1/2017,"Alojamiento, agua, electricidad, gas y otros combustibles",188.950873
9/1/2017,"Alojamiento, agua, electricidad, gas y otros combustibles",191.123841
10/1/2017,"Alojamiento, agua, electricidad, gas y otros combustibles",193.378849
11/1/2017,"Alojamiento, agua, electricidad, gas y otros combustibles",194.610972
12/1/2017,"Alojamiento, agua, electricidad, gas y otros combustibles",195.814141
1/1/2018,"Alojamiento, agua, electricidad, gas y otros combustibles",196.299634
2/1/2018,"Alojamiento, agua, electricidad, gas y otros combustibles",196.263019
3/1/2018,"Alojamiento, agua, electricidad, gas y otros combustibles",197.40028
4/1/2018,"Alojamiento, agua, electricidad, gas y otros combustibles",198.989981
5/1/2018,"Alojamiento, agua, electricidad, gas y otros combustibles",199.930947
6/1/2018,"Alojamiento, agua, electricidad, gas y otros combustibles",201.096052
7/1/2018,"Alojamiento, agua, electricidad, gas y otros combustibles",201.794511
8/1/2018,"Alojamiento, agua, electricidad, gas y otros combustibles",202.407916
9/1/2018,"Alojamiento, agua, electricidad, gas y otros combustibles",205.90912
10/1/2018,"Alojamiento, agua, electricidad, gas y otros combustibles",207.598294
11/1/2018,"Alojamiento, agua, electricidad, gas y otros combustibles",208.309838
12/1/2018,"Alojamiento, agua, electricidad, gas y otros combustibles",207.573768
1/1/2019,"Alojamiento, agua, electricidad, gas y otros combustibles",207.497334
2/1/2019,"Alojamiento, agua, electricidad, gas y otros combustibles",207.833714
3/1/2019,"Alojamiento, agua, electricidad, gas y otros combustibles",209.630561
4/1/2019,"Alojamiento, agua, electricidad, gas y otros combustibles",210.785095
5/1/2019,"Alojamiento, agua, electricidad, gas y otros combustibles",211.591342
6/1/2019,"Alojamiento, agua, electricidad, gas y otros combustibles",211.321238
7/1/2019,"Alojamiento, agua, electricidad, gas y otros combustibles",211.132629
8/1/2019,"Alojamiento, agua, electricidad, gas y otros combustibles",212.78156
9/1/2019,"Alojamiento, agua, electricidad, gas y otros combustibles",213.706794
10/1/2019,"Alojamiento, agua, electricidad, gas y otros combustibles",215.484119
11/1/2019,"Alojamiento, agua, electricidad, gas y otros combustibles",217.608823
12/1/2019,"Alojamiento, agua, electricidad, gas y otros combustibles",219.788531
1/1/2020,"Alojamiento, agua, electricidad, gas y otros combustibles",223.349369
2/1/2020,"Alojamiento, agua, electricidad, gas y otros combustibles",222.856329
3/1/2020,"Alojamiento, agua, electricidad, gas y otros combustibles",222.552364
4/1/2020,"Alojamiento, agua, electricidad, gas y otros combustibles",220.718318
5/1/2020,"Alojamiento, agua, electricidad, gas y otros combustibles",221.622182
6/1/2020,"Alojamiento, agua, electricidad, gas y otros combustibles",223.403228
7/1/2020,"Alojamiento, agua, electricidad, gas y otros combustibles",222.238887
8/1/2020,"Alojamiento, agua, electricidad, gas y otros combustibles",220.71882
9/1/2020,"Alojamiento, agua, electricidad, gas y otros combustibles",221.279258
10/1/2020,"Alojamiento, agua, electricidad, gas y otros combustibles",221.751467
11/1/2020,"Alojamiento, agua, electricidad, gas y otros combustibles",223.008016
12/1/2020,"Alojamiento, agua, electricidad, gas y otros combustibles",224.164594
1/1/2021,"Alojamiento, agua, electricidad, gas y otros combustibles",217.79831
1/1/2011,"Muebles, artículos para el hogar y  conservación del hogar",145.580201
2/1/2011,"Muebles, artículos para el hogar y  conservación del hogar",146.189581
3/1/2011,"Muebles, artículos para el hogar y  conservación del hogar",147.560222
4/1/2011,"Muebles, artículos para el hogar y  conservación del hogar",148.536828
5/1/2011,"Muebles, artículos para el hogar y  conservación del hogar",149.585997
6/1/2011,"Muebles, artículos para el hogar y  conservación del hogar",150.534044
7/1/2011,"Muebles, artículos para el hogar y  conservación del hogar",151.205208
8/1/2011,"Muebles, artículos para el hogar y  conservación del hogar",152.191263
9/1/2011,"Muebles, artículos para el hogar y  conservación del hogar",153.033343
10/1/2011,"Muebles, artículos para el hogar y  conservación del hogar",154.491388
11/1/2011,"Muebles, artículos para el hogar y  conservación del hogar",155.321597
12/1/2011,"Muebles, artículos para el hogar y  conservación del hogar",156.05319
1/1/2012,"Muebles, artículos para el hogar y  conservación del hogar",156.666391
2/1/2012,"Muebles, artículos para el hogar y  conservación del hogar",157.256605
3/1/2012,"Muebles, artículos para el hogar y  conservación del hogar",158.082483
4/1/2012,"Muebles, artículos para el hogar y  conservación del hogar",158.756205
5/1/2012,"Muebles, artículos para el hogar y  conservación del hogar",159.522934
6/1/2012,"Muebles, artículos para el hogar y  conservación del hogar",160.992335
7/1/2012,"Muebles, artículos para el hogar y  conservación del hogar",161.850009
8/1/2012,"Muebles, artículos para el hogar y  conservación del hogar",162.042193
9/1/2012,"Muebles, artículos para el hogar y  conservación del hogar",162.653966
10/1/2012,"Muebles, artículos para el hogar y  conservación del hogar",163.314605
11/1/2012,"Muebles, artículos para el hogar y  conservación del hogar",164.288147
12/1/2012,"Muebles, artículos para el hogar y  conservación del hogar",164.758724
1/1/2013,"Muebles, artículos para el hogar y  conservación del hogar",165.559805
2/1/2013,"Muebles, artículos para el hogar y  conservación del hogar",166.482967
3/1/2013,"Muebles, artículos para el hogar y  conservación del hogar",166.94
4/1/2013,"Muebles, artículos para el hogar y  conservación del hogar",168.341005
5/1/2013,"Muebles, artículos para el hogar y  conservación del hogar",168.737492
6/1/2013,"Muebles, artículos para el hogar y  conservación del hogar",168.877088
7/1/2013,"Muebles, artículos para el hogar y  conservación del hogar",169.305272
8/1/2013,"Muebles, artículos para el hogar y  conservación del hogar",169.63265
9/1/2013,"Muebles, artículos para el hogar y  conservación del hogar",170.08843
10/1/2013,"Muebles, artículos para el hogar y  conservación del hogar",170.511022
11/1/2013,"Muebles, artículos para el hogar y  conservación del hogar",171.085332
12/1/2013,"Muebles, artículos para el hogar y  conservación del hogar",171.526493
1/1/2014,"Muebles, artículos para el hogar y  conservación del hogar",172.046331
2/1/2014,"Muebles, artículos para el hogar y  conservación del hogar",172.819937
3/1/2014,"Muebles, artículos para el hogar y  conservación del hogar",173.361246
4/1/2014,"Muebles, artículos para el hogar y  conservación del hogar",173.127596
5/1/2014,"Muebles, artículos para el hogar y  conservación del hogar",173.330566
6/1/2014,"Muebles, artículos para el hogar y  conservación del hogar",173.820302
7/1/2014,"Muebles, artículos para el hogar y  conservación del hogar",174.119066
8/1/2014,"Muebles, artículos para el hogar y  conservación del hogar",174.705349
9/1/2014,"Muebles, artículos para el hogar y  conservación del hogar",175.188292
10/1/2014,"Muebles, artículos para el hogar y  conservación del hogar",175.588876
11/1/2014,"Muebles, artículos para el hogar y  conservación del hogar",175.855212
12/1/2014,"Muebles, artículos para el hogar y  conservación del hogar",176.278141
1/1/2015,"Muebles, artículos para el hogar y  conservación del hogar",176.712006
2/1/2015,"Muebles, artículos para el hogar y  conservación del hogar",178.1895904
3/1/2015,"Muebles, artículos para el hogar y  conservación del hogar",179.003946
4/1/2015,"Muebles, artículos para el hogar y  conservación del hogar",179.462962
5/1/2015,"Muebles, artículos para el hogar y  conservación del hogar",179.817124
6/1/2015,"Muebles, artículos para el hogar y  conservación del hogar",180.34492
7/1/2015,"Muebles, artículos para el hogar y  conservación del hogar",180.539624
8/1/2015,"Muebles, artículos para el hogar y  conservación del hogar",180.628861
9/1/2015,"Muebles, artículos para el hogar y  conservación del hogar",181.079664
10/1/2015,"Muebles, artículos para el hogar y  conservación del hogar",181.500824
11/1/2015,"Muebles, artículos para el hogar y  conservación del hogar",181.88059
12/1/2015,"Muebles, artículos para el hogar y  conservación del hogar",182.128946
1/1/2016,"Muebles, artículos para el hogar y  conservación del hogar",182.870836
2/1/2016,"Muebles, artículos para el hogar y  conservación del hogar",183.604775
3/1/2016,"Muebles, artículos para el hogar y  conservación del hogar",184.637533
4/1/2016,"Muebles, artículos para el hogar y  conservación del hogar",185.354765
5/1/2016,"Muebles, artículos para el hogar y  conservación del hogar",186.526583
6/1/2016,"Muebles, artículos para el hogar y  conservación del hogar",187.328037
7/1/2016,"Muebles, artículos para el hogar y  conservación del hogar",187.562874
8/1/2016,"Muebles, artículos para el hogar y  conservación del hogar",188.917075
9/1/2016,"Muebles, artículos para el hogar y  conservación del hogar",189.434755
10/1/2016,"Muebles, artículos para el hogar y  conservación del hogar",190.548856
11/1/2016,"Muebles, artículos para el hogar y  conservación del hogar",191.068166
12/1/2016,"Muebles, artículos para el hogar y  conservación del hogar",191.511737
1/1/2017,"Muebles, artículos para el hogar y  conservación del hogar",192.12965
2/1/2017,"Muebles, artículos para el hogar y  conservación del hogar",193.351406
3/1/2017,"Muebles, artículos para el hogar y  conservación del hogar",193.950359
4/1/2017,"Muebles, artículos para el hogar y  conservación del hogar",194.732824
5/1/2017,"Muebles, artículos para el hogar y  conservación del hogar",195.12437
6/1/2017,"Muebles, artículos para el hogar y  conservación del hogar",195.79847
7/1/2017,"Muebles, artículos para el hogar y  conservación del hogar",196.096762
8/1/2017,"Muebles, artículos para el hogar y  conservación del hogar",196.563856
9/1/2017,"Muebles, artículos para el hogar y  conservación del hogar",196.782749
10/1/2017,"Muebles, artículos para el hogar y  conservación del hogar",197.356148
11/1/2017,"Muebles, artículos para el hogar y  conservación del hogar",197.571363
12/1/2017,"Muebles, artículos para el hogar y  conservación del hogar",198.047279
1/1/2018,"Muebles, artículos para el hogar y  conservación del hogar",198.686519
2/1/2018,"Muebles, artículos para el hogar y  conservación del hogar",199.127719
3/1/2018,"Muebles, artículos para el hogar y  conservación del hogar",199.742012
4/1/2018,"Muebles, artículos para el hogar y  conservación del hogar",200.281356
5/1/2018,"Muebles, artículos para el hogar y  conservación del hogar",200.809746
6/1/2018,"Muebles, artículos para el hogar y  conservación del hogar",201.171768
7/1/2018,"Muebles, artículos para el hogar y  conservación del hogar",201.640191
8/1/2018,"Muebles, artículos para el hogar y  conservación del hogar",202.220694
9/1/2018,"Muebles, artículos para el hogar y  conservación del hogar",202.46073
10/1/2018,"Muebles, artículos para el hogar y  conservación del hogar",202.861066
11/1/2018,"Muebles, artículos para el hogar y  conservación del hogar",203.546074
12/1/2018,"Muebles, artículos para el hogar y  conservación del hogar",203.895393
1/1/2019,"Muebles, artículos para el hogar y  conservación del hogar",204.37677
2/1/2019,"Muebles, artículos para el hogar y  conservación del hogar",205.753105
3/1/2019,"Muebles, artículos para el hogar y  conservación del hogar",210.868066
4/1/2019,"Muebles, artículos para el hogar y  conservación del hogar",212.712712
5/1/2019,"Muebles, artículos para el hogar y  conservación del hogar",213.801847
6/1/2019,"Muebles, artículos para el hogar y  conservación del hogar",214.444975
7/1/2019,"Muebles, artículos para el hogar y  conservación del hogar",214.92896
8/1/2019,"Muebles, artículos para el hogar y  conservación del hogar",215.324843
9/1/2019,"Muebles, artículos para el hogar y  conservación del hogar",215.554493
10/1/2019,"Muebles, artículos para el hogar y  conservación del hogar",215.651654
11/1/2019,"Muebles, artículos para el hogar y  conservación del hogar",216.198222
12/1/2019,"Muebles, artículos para el hogar y  conservación del hogar",216.360273
1/1/2020,"Muebles, artículos para el hogar y  conservación del hogar",216.902709
2/1/2020,"Muebles, artículos para el hogar y  conservación del hogar",217.166723
3/1/2020,"Muebles, artículos para el hogar y  conservación del hogar",218.028036
4/1/2020,"Muebles, artículos para el hogar y  conservación del hogar",218.962501
5/1/2020,"Muebles, artículos para el hogar y  conservación del hogar",219.310716
6/1/2020,"Muebles, artículos para el hogar y  conservación del hogar",219.685665
7/1/2020,"Muebles, artículos para el hogar y  conservación del hogar",220.142737
8/1/2020,"Muebles, artículos para el hogar y  conservación del hogar",221.018404
9/1/2020,"Muebles, artículos para el hogar y  conservación del hogar",221.364083
10/1/2020,"Muebles, artículos para el hogar y  conservación del hogar",221.846523
11/1/2020,"Muebles, artículos para el hogar y  conservación del hogar",222.271056
12/1/2020,"Muebles, artículos para el hogar y  conservación del hogar",222.418441
1/1/2021,"Muebles, artículos para el hogar y  conservación del hogar",222.84353
1/1/2011,Salud,133.745779
2/1/2011,Salud,134.354319
3/1/2011,Salud,135.183502
4/1/2011,Salud,135.293582
5/1/2011,Salud,137.233922
6/1/2011,Salud,137.843605
7/1/2011,Salud,138.376629
8/1/2011,Salud,139.165252
9/1/2011,Salud,139.96723
10/1/2011,Salud,141.300053
11/1/2011,Salud,142.058477
12/1/2011,Salud,142.373522
1/1/2012,Salud,142.693741
2/1/2012,Salud,143.180616
3/1/2012,Salud,143.797962
4/1/2012,Salud,145.282634
5/1/2012,Salud,146.05082
6/1/2012,Salud,146.791811
7/1/2012,Salud,148.229395
8/1/2012,Salud,148.658834
9/1/2012,Salud,149.12191
10/1/2012,Salud,149.658166
11/1/2012,Salud,150.367011
12/1/2012,Salud,150.602599
1/1/2013,Salud,151.335981
2/1/2013,Salud,152.508508
3/1/2013,Salud,153.17
4/1/2013,Salud,153.999115
5/1/2013,Salud,155.219594
6/1/2013,Salud,155.769404
7/1/2013,Salud,156.337756
8/1/2013,Salud,156.684963
9/1/2013,Salud,157.456925
10/1/2013,Salud,158.137168
11/1/2013,Salud,158.804948
12/1/2013,Salud,159.164908
1/1/2014,Salud,162.103727
2/1/2014,Salud,162.965887
3/1/2014,Salud,163.785173
4/1/2014,Salud,164.666385
5/1/2014,Salud,165.516554
6/1/2014,Salud,166.198222
7/1/2014,Salud,167.424972
8/1/2014,Salud,168.30356
9/1/2014,Salud,168.804911
10/1/2014,Salud,169.736908
11/1/2014,Salud,170.144032
12/1/2014,Salud,170.426851
1/1/2015,Salud,171.275509
2/1/2015,Salud,172.9737644
3/1/2015,Salud,173.935879
4/1/2015,Salud,174.345722
5/1/2015,Salud,175.189934
6/1/2015,Salud,176.261052
7/1/2015,Salud,176.547704
8/1/2015,Salud,177.102291
9/1/2015,Salud,177.643439
10/1/2015,Salud,178.34916
11/1/2015,Salud,179.362245
12/1/2015,Salud,179.817312
1/1/2016,Salud,181.049858
2/1/2016,Salud,182.222658
3/1/2016,Salud,183.253002
4/1/2016,Salud,183.83873
5/1/2016,Salud,184.666235
6/1/2016,Salud,185.644644
7/1/2016,Salud,187.774527
8/1/2016,Salud,188.454224
9/1/2016,Salud,189.246596
10/1/2016,Salud,190.514201
11/1/2016,Salud,190.990729
12/1/2016,Salud,191.344645
1/1/2017,Salud,192.312883
2/1/2017,Salud,193.301823
3/1/2017,Salud,194.004153
4/1/2017,Salud,194.607511
5/1/2017,Salud,197.675232
6/1/2017,Salud,200.009183
7/1/2017,Salud,200.760545
8/1/2017,Salud,201.484814
9/1/2017,Salud,202.264523
10/1/2017,Salud,202.833378
11/1/2017,Salud,203.172213
12/1/2017,Salud,204.586506
1/1/2018,Salud,205.262981
2/1/2018,Salud,207.557347
3/1/2018,Salud,208.344432
4/1/2018,Salud,209.179991
5/1/2018,Salud,210.115015
6/1/2018,Salud,210.877802
7/1/2018,Salud,211.416757
8/1/2018,Salud,212.006297
9/1/2018,Salud,212.410529
10/1/2018,Salud,213.25795
11/1/2018,Salud,214.512702
12/1/2018,Salud,215.711645
1/1/2019,Salud,217.32063
2/1/2019,Salud,218.617977
3/1/2019,Salud,220.26599
4/1/2019,Salud,221.269265
5/1/2019,Salud,223.17751
6/1/2019,Salud,223.817963
7/1/2019,Salud,224.575924
8/1/2019,Salud,225.882761
9/1/2019,Salud,226.551714
10/1/2019,Salud,227.230864
11/1/2019,Salud,227.863546
12/1/2019,Salud,228.158086
1/1/2020,Salud,229.591467
2/1/2020,Salud,230.115717
3/1/2020,Salud,230.544562
4/1/2020,Salud,231.714183
5/1/2020,Salud,234.178917
6/1/2020,Salud,234.949219
7/1/2020,Salud,235.606933
8/1/2020,Salud,237.142828
9/1/2020,Salud,238.223822
10/1/2020,Salud,238.554259
11/1/2020,Salud,238.882252
12/1/2020,Salud,239.154614
1/1/2021,Salud,240.018873
1/1/2011,Transporte,132.367776
2/1/2011,Transporte,134.305425
3/1/2011,Transporte,138.426172
4/1/2011,Transporte,143.239979
5/1/2011,Transporte,145.14317
6/1/2011,Transporte,142.910918
7/1/2011,Transporte,144.502521
8/1/2011,Transporte,144.41115
9/1/2011,Transporte,144.468246
10/1/2011,Transporte,142.939329
11/1/2011,Transporte,144.435688
12/1/2011,Transporte,144.244029
1/1/2012,Transporte,146.123616
2/1/2012,Transporte,149.493086
3/1/2012,Transporte,152.868334
4/1/2012,Transporte,156.78925
5/1/2012,Transporte,154.166142
6/1/2012,Transporte,151.317631
7/1/2012,Transporte,150.690742
8/1/2012,Transporte,154.518865
9/1/2012,Transporte,157.323516
10/1/2012,Transporte,157.331753
11/1/2012,Transporte,154.055355
12/1/2012,Transporte,153.855895
1/1/2013,Transporte,156.694012
2/1/2013,Transporte,160.745995
3/1/2013,Transporte,161.22
4/1/2013,Transporte,160.218268
5/1/2013,Transporte,161.029309
6/1/2013,Transporte,161.652246
7/1/2013,Transporte,162.344043
8/1/2013,Transporte,163.664757
9/1/2013,Transporte,162.801852
10/1/2013,Transporte,160.586616
11/1/2013,Transporte,159.440237
12/1/2013,Transporte,161.586213
1/1/2014,Transporte,162.940044
2/1/2014,Transporte,164.439949
3/1/2014,Transporte,165.97878
4/1/2014,Transporte,166.182338
5/1/2014,Transporte,167.520969
6/1/2014,Transporte,168.582042
7/1/2014,Transporte,169.444757
8/1/2014,Transporte,167.541979
9/1/2014,Transporte,167.663681
10/1/2014,Transporte,164.636379
11/1/2014,Transporte,161.553463
12/1/2014,Transporte,157.381149
1/1/2015,Transporte,153.106905
2/1/2015,Transporte,155.8615165
3/1/2015,Transporte,159.16266
4/1/2015,Transporte,160.221183
5/1/2015,Transporte,164.012033
6/1/2015,Transporte,166.063513
7/1/2015,Transporte,165.947819
8/1/2015,Transporte,162.132802
9/1/2015,Transporte,157.630181
10/1/2015,Transporte,156.993636
11/1/2015,Transporte,156.99012
12/1/2015,Transporte,156.931875
1/1/2016,Transporte,154.790332
2/1/2016,Transporte,153.159055
3/1/2016,Transporte,155.024436
4/1/2016,Transporte,158.167436
5/1/2016,Transporte,159.965192
6/1/2016,Transporte,161.011116
7/1/2016,Transporte,159.568974
8/1/2016,Transporte,159.341543
9/1/2016,Transporte,160.413482
10/1/2016,Transporte,163.686016
11/1/2016,Transporte,162.047527
12/1/2016,Transporte,165.375854
1/1/2017,Transporte,167.669853
2/1/2017,Transporte,166.746041
3/1/2017,Transporte,167.01962
4/1/2017,Transporte,170.35614
5/1/2017,Transporte,169.497524
6/1/2017,Transporte,169.075341
7/1/2017,Transporte,169.750962
8/1/2017,Transporte,172.126204
9/1/2017,Transporte,175.631085
10/1/2017,Transporte,173.122799
11/1/2017,Transporte,175.499444
12/1/2017,Transporte,175.907894
1/1/2018,Transporte,178.104336
2/1/2018,Transporte,179.09231
3/1/2018,Transporte,179.506205
4/1/2018,Transporte,182.842393
5/1/2018,Transporte,186.057729
6/1/2018,Transporte,185.620716
7/1/2018,Transporte,188.31708
8/1/2018,Transporte,189.76656
9/1/2018,Transporte,191.953993
10/1/2018,Transporte,194.939113
11/1/2018,Transporte,190.236587
12/1/2018,Transporte,184.743221
1/1/2019,Transporte,182.728027
2/1/2019,Transporte,185.198326
3/1/2019,Transporte,190.022869
4/1/2019,Transporte,192.867839
5/1/2019,Transporte,193.549635
6/1/2019,Transporte,190.435259
7/1/2019,Transporte,194.330541
8/1/2019,Transporte,193.252288
9/1/2019,Transporte,192.537393
10/1/2019,Transporte,194.299818
11/1/2019,Transporte,193.272241
12/1/2019,Transporte,195.202002
1/1/2020,Transporte,196.299598
2/1/2020,Transporte,193.719968
3/1/2020,Transporte,190.227036
4/1/2020,Transporte,177.564598
5/1/2020,Transporte,179.037015
6/1/2020,Transporte,184.015458
7/1/2020,Transporte,186.9381
8/1/2020,Transporte,187.201855
9/1/2020,Transporte,187.443289
10/1/2020,Transporte,187.874612
11/1/2020,Transporte,187.216498
12/1/2020,Transporte,191.386853
1/1/2021,Transporte,194.692756
1/1/2011,Comunicaciones,107.04025
2/1/2011,Comunicaciones,106.708855
3/1/2011,Comunicaciones,107.176579
4/1/2011,Comunicaciones,106.934334
5/1/2011,Comunicaciones,107.34904
6/1/2011,Comunicaciones,107.53329
7/1/2011,Comunicaciones,108.969574
8/1/2011,Comunicaciones,106.494939
9/1/2011,Comunicaciones,106.966157
10/1/2011,Comunicaciones,106.942099
11/1/2011,Comunicaciones,107.166646
12/1/2011,Comunicaciones,108.281258
1/1/2012,Comunicaciones,108.874221
2/1/2012,Comunicaciones,108.824116
3/1/2012,Comunicaciones,108.37786
4/1/2012,Comunicaciones,109.040656
5/1/2012,Comunicaciones,108.095988
6/1/2012,Comunicaciones,109.677769
7/1/2012,Comunicaciones,109.978247
8/1/2012,Comunicaciones,110.951286
9/1/2012,Comunicaciones,111.208443
10/1/2012,Comunicaciones,111.799904
11/1/2012,Comunicaciones,111.996859
12/1/2012,Comunicaciones,112.051702
1/1/2013,Comunicaciones,111.890154
2/1/2013,Comunicaciones,111.73034
3/1/2013,Comunicaciones,112.43
4/1/2013,Comunicaciones,113.850775
5/1/2013,Comunicaciones,113.555034
6/1/2013,Comunicaciones,114.356906
7/1/2013,Comunicaciones,115.398749
8/1/2013,Comunicaciones,114.200865
9/1/2013,Comunicaciones,114.81492
10/1/2013,Comunicaciones,115.448275
11/1/2013,Comunicaciones,116.019612
12/1/2013,Comunicaciones,116.528785
1/1/2014,Comunicaciones,116.596571
2/1/2014,Comunicaciones,116.686318
3/1/2014,Comunicaciones,116.658606
4/1/2014,Comunicaciones,117.588325
5/1/2014,Comunicaciones,118.140283
6/1/2014,Comunicaciones,118.992411
7/1/2014,Comunicaciones,118.810166
8/1/2014,Comunicaciones,120.057417
9/1/2014,Comunicaciones,119.5001
10/1/2014,Comunicaciones,120.196088
11/1/2014,Comunicaciones,120.731284
12/1/2014,Comunicaciones,120.577927
1/1/2015,Comunicaciones,120.852186
2/1/2015,Comunicaciones,122.4241319
3/1/2015,Comunicaciones,122.701638
4/1/2015,Comunicaciones,123.752888
5/1/2015,Comunicaciones,122.583369
6/1/2015,Comunicaciones,123.048725
7/1/2015,Comunicaciones,122.444332
8/1/2015,Comunicaciones,123.510844
9/1/2015,Comunicaciones,124.475065
10/1/2015,Comunicaciones,123.095511
11/1/2015,Comunicaciones,124.247131
12/1/2015,Comunicaciones,124.569787
1/1/2016,Comunicaciones,126.408737
2/1/2016,Comunicaciones,126.286531
3/1/2016,Comunicaciones,125.928504
4/1/2016,Comunicaciones,126.75649
5/1/2016,Comunicaciones,126.666594
6/1/2016,Comunicaciones,125.040603
7/1/2016,Comunicaciones,124.821538
8/1/2016,Comunicaciones,124.355109
9/1/2016,Comunicaciones,126.171066
10/1/2016,Comunicaciones,126.308436
11/1/2016,Comunicaciones,127.672516
12/1/2016,Comunicaciones,127.291303
1/1/2017,Comunicaciones,127.767724
2/1/2017,Comunicaciones,128.783471
3/1/2017,Comunicaciones,128.961589
4/1/2017,Comunicaciones,129.731376
5/1/2017,Comunicaciones,130.481356
6/1/2017,Comunicaciones,130.698306
7/1/2017,Comunicaciones,132.553662
8/1/2017,Comunicaciones,131.396719
9/1/2017,Comunicaciones,132.924068
10/1/2017,Comunicaciones,133.275251
11/1/2017,Comunicaciones,132.937931
12/1/2017,Comunicaciones,135.612819
1/1/2018,Comunicaciones,135.309416
2/1/2018,Comunicaciones,137.031365
3/1/2018,Comunicaciones,137.664786
4/1/2018,Comunicaciones,137.106951
5/1/2018,Comunicaciones,138.522574
6/1/2018,Comunicaciones,138.487099
7/1/2018,Comunicaciones,138.455098
8/1/2018,Comunicaciones,138.378103
9/1/2018,Comunicaciones,139.829091
10/1/2018,Comunicaciones,139.884487
11/1/2018,Comunicaciones,141.792047
12/1/2018,Comunicaciones,142.12549
1/1/2019,Comunicaciones,142.997671
2/1/2019,Comunicaciones,143.496968
3/1/2019,Comunicaciones,142.86109
4/1/2019,Comunicaciones,143.361307
5/1/2019,Comunicaciones,144.496486
6/1/2019,Comunicaciones,144.4141
7/1/2019,Comunicaciones,141.600152
8/1/2019,Comunicaciones,142.2897
9/1/2019,Comunicaciones,145.175506
10/1/2019,Comunicaciones,144.335136
11/1/2019,Comunicaciones,145.687716
12/1/2019,Comunicaciones,147.064622
1/1/2020,Comunicaciones,145.180817
2/1/2020,Comunicaciones,148.095708
3/1/2020,Comunicaciones,148.520714
4/1/2020,Comunicaciones,148.142983
5/1/2020,Comunicaciones,147.705456
6/1/2020,Comunicaciones,145.857344
7/1/2020,Comunicaciones,149.26018
8/1/2020,Comunicaciones,148.982959
9/1/2020,Comunicaciones,151.26674
10/1/2020,Comunicaciones,148.864683
11/1/2020,Comunicaciones,149.906665
12/1/2020,Comunicaciones,148.962384
1/1/2021,Comunicaciones,150.187442
1/1/2011,Recreación y cultura,125.76573
2/1/2011,Recreación y cultura,126.213478
3/1/2011,Recreación y cultura,126.698937
4/1/2011,Recreación y cultura,126.744811
5/1/2011,Recreación y cultura,127.220095
6/1/2011,Recreación y cultura,127.820674
7/1/2011,Recreación y cultura,128.196132
8/1/2011,Recreación y cultura,128.692008
9/1/2011,Recreación y cultura,128.389669
10/1/2011,Recreación y cultura,128.506849
11/1/2011,Recreación y cultura,128.004252
12/1/2011,Recreación y cultura,145.246005
1/1/2012,Recreación y cultura,129.192736
2/1/2012,Recreación y cultura,129.485467
3/1/2012,Recreación y cultura,131.288884
4/1/2012,Recreación y cultura,131.374832
5/1/2012,Recreación y cultura,131.826205
6/1/2012,Recreación y cultura,131.077235
7/1/2012,Recreación y cultura,132.569846
8/1/2012,Recreación y cultura,132.811597
9/1/2012,Recreación y cultura,131.259887
10/1/2012,Recreación y cultura,132.707896
11/1/2012,Recreación y cultura,133.165667
12/1/2012,Recreación y cultura,146.933135
1/1/2013,Recreación y cultura,142.294179
2/1/2013,Recreación y cultura,137.867624
3/1/2013,Recreación y cultura,137.82
4/1/2013,Recreación y cultura,141.134477
5/1/2013,Recreación y cultura,144.223566
6/1/2013,Recreación y cultura,140.29926
7/1/2013,Recreación y cultura,138.522409
8/1/2013,Recreación y cultura,140.245542
9/1/2013,Recreación y cultura,140.343463
10/1/2013,Recreación y cultura,138.985967
11/1/2013,Recreación y cultura,138.726567
12/1/2013,Recreación y cultura,147.821504
1/1/2014,Recreación y cultura,140.195814
2/1/2014,Recreación y cultura,138.156965
3/1/2014,Recreación y cultura,138.468197
4/1/2014,Recreación y cultura,140.87333
5/1/2014,Recreación y cultura,139.588501
6/1/2014,Recreación y cultura,138.887743
7/1/2014,Recreación y cultura,139.509042
8/1/2014,Recreación y cultura,140.108313
9/1/2014,Recreación y cultura,140.169249
10/1/2014,Recreación y cultura,137.869143
11/1/2014,Recreación y cultura,140.866255
12/1/2014,Recreación y cultura,144.1495
1/1/2015,Recreación y cultura,138.391308
2/1/2015,Recreación y cultura,140.4987712
3/1/2015,Recreación y cultura,143.668632
4/1/2015,Recreación y cultura,143.035027
5/1/2015,Recreación y cultura,147.115478
6/1/2015,Recreación y cultura,144.208961
7/1/2015,Recreación y cultura,145.302082
8/1/2015,Recreación y cultura,147.338766
9/1/2015,Recreación y cultura,146.022692
10/1/2015,Recreación y cultura,148.165218
11/1/2015,Recreación y cultura,148.531689
12/1/2015,Recreación y cultura,157.095608
1/1/2016,Recreación y cultura,146.587151
2/1/2016,Recreación y cultura,150.465827
3/1/2016,Recreación y cultura,150.712019
4/1/2016,Recreación y cultura,149.48309
5/1/2016,Recreación y cultura,153.916412
6/1/2016,Recreación y cultura,153.440048
7/1/2016,Recreación y cultura,155.5305
8/1/2016,Recreación y cultura,152.863146
9/1/2016,Recreación y cultura,155.900623
10/1/2016,Recreación y cultura,152.619563
11/1/2016,Recreación y cultura,155.558159
12/1/2016,Recreación y cultura,168.860045
1/1/2017,Recreación y cultura,160.380186
2/1/2017,Recreación y cultura,158.357221
3/1/2017,Recreación y cultura,158.708541
4/1/2017,Recreación y cultura,160.634799
5/1/2017,Recreación y cultura,158.474651
6/1/2017,Recreación y cultura,159.945455
7/1/2017,Recreación y cultura,161.99058
8/1/2017,Recreación y cultura,161.592197
9/1/2017,Recreación y cultura,161.768318
10/1/2017,Recreación y cultura,161.375458
11/1/2017,Recreación y cultura,162.800388
12/1/2017,Recreación y cultura,175.327811
1/1/2018,Recreación y cultura,168.104712
2/1/2018,Recreación y cultura,164.949664
3/1/2018,Recreación y cultura,165.296064
4/1/2018,Recreación y cultura,168.194877
5/1/2018,Recreación y cultura,165.746689
6/1/2018,Recreación y cultura,166.079248
7/1/2018,Recreación y cultura,167.381696
8/1/2018,Recreación y cultura,160.880168
9/1/2018,Recreación y cultura,171.802809
10/1/2018,Recreación y cultura,171.297781
11/1/2018,Recreación y cultura,170.695823
12/1/2018,Recreación y cultura,187.509825
1/1/2019,Recreación y cultura,179.307601
2/1/2019,Recreación y cultura,171.679501
3/1/2019,Recreación y cultura,173.577016
4/1/2019,Recreación y cultura,175.103736
5/1/2019,Recreación y cultura,179.285205
6/1/2019,Recreación y cultura,171.449354
7/1/2019,Recreación y cultura,173.564608
8/1/2019,Recreación y cultura,175.601981
9/1/2019,Recreación y cultura,176.202367
10/1/2019,Recreación y cultura,175.053483
11/1/2019,Recreación y cultura,171.720423
12/1/2019,Recreación y cultura,193.421026
1/1/2020,Recreación y cultura,179.381001
2/1/2020,Recreación y cultura,177.436317
3/1/2020,Recreación y cultura,176.511564
4/1/2020,Recreación y cultura,180.632287
5/1/2020,Recreación y cultura,179.633284
6/1/2020,Recreación y cultura,179.433237
7/1/2020,Recreación y cultura,176.483786
8/1/2020,Recreación y cultura,179.220692
9/1/2020,Recreación y cultura,178.746613
10/1/2020,Recreación y cultura,177.675508
11/1/2020,Recreación y cultura,179.39783
12/1/2020,Recreación y cultura,194.738617
1/1/2021,Recreación y cultura,175.444189
1/1/2011,Educación,141.886005
2/1/2011,Educación,147.75902
3/1/2011,Educación,148.057898
4/1/2011,Educación,148.397572
5/1/2011,Educación,147.733254
6/1/2011,Educación,148.015338
7/1/2011,Educación,148.385586
8/1/2011,Educación,148.715286
9/1/2011,Educación,149.082472
10/1/2011,Educación,149.69484
11/1/2011,Educación,149.953525
12/1/2011,Educación,150.309274
1/1/2012,Educación,150.862001
2/1/2012,Educación,158.802944
3/1/2012,Educación,159.306
4/1/2012,Educación,159.627287
5/1/2012,Educación,159.982867
6/1/2012,Educación,160.173914
7/1/2012,Educación,160.489599
8/1/2012,Educación,160.846454
9/1/2012,Educación,161.147019
10/1/2012,Educación,161.46768
11/1/2012,Educación,161.834831
12/1/2012,Educación,162.175177
1/1/2013,Educación,162.51408
2/1/2013,Educación,171.415287
3/1/2013,Educación,171.76
4/1/2013,Educación,172.21558
5/1/2013,Educación,172.585741
6/1/2013,Educación,172.997794
7/1/2013,Educación,173.34681
8/1/2013,Educación,173.737754
9/1/2013,Educación,174.137846
10/1/2013,Educación,174.499188
11/1/2013,Educación,174.906494
12/1/2013,Educación,175.336852
1/1/2014,Educación,175.808951
2/1/2014,Educación,186.222188
3/1/2014,Educación,186.495199
4/1/2014,Educación,186.883752
5/1/2014,Educación,187.736162
6/1/2014,Educación,188.175851
7/1/2014,Educación,188.449806
8/1/2014,Educación,188.891529
9/1/2014,Educación,189.306956
10/1/2014,Educación,190.060885
11/1/2014,Educación,190.52812
12/1/2014,Educación,190.920014
1/1/2015,Educación,191.379146
2/1/2015,Educación,202.4855812
3/1/2015,Educación,202.885892
4/1/2015,Educación,203.324593
5/1/2015,Educación,203.780398
6/1/2015,Educación,204.471526
7/1/2015,Educación,204.90842
8/1/2015,Educación,205.441959
9/1/2015,Educación,206.264358
10/1/2015,Educación,206.716805
11/1/2015,Educación,207.198687
12/1/2015,Educación,207.633686
1/1/2016,Educación,207.183561
2/1/2016,Educación,219.927061
3/1/2016,Educación,220.401465
4/1/2016,Educación,220.897639
5/1/2016,Educación,221.368661
6/1/2016,Educación,221.828083
7/1/2016,Educación,221.743269
8/1/2016,Educación,222.216535
9/1/2016,Educación,222.700075
10/1/2016,Educación,223.20467
11/1/2016,Educación,223.656613
12/1/2016,Educación,224.237589
1/1/2017,Educación,224.782275
2/1/2017,Educación,237.889613
3/1/2017,Educación,238.477039
4/1/2017,Educación,239.045878
5/1/2017,Educación,240.60199
6/1/2017,Educación,241.152448
7/1/2017,Educación,241.696811
8/1/2017,Educación,242.19792
9/1/2017,Educación,242.755855
10/1/2017,Educación,243.288052
11/1/2017,Educación,243.891202
12/1/2017,Educación,244.43574
1/1/2018,Educación,245.238031
2/1/2018,Educación,258.19857
3/1/2018,Educación,258.527338
4/1/2018,Educación,259.111499
5/1/2018,Educación,259.631332
6/1/2018,Educación,260.212937
7/1/2018,Educación,260.776361
8/1/2018,Educación,261.324819
9/1/2018,Educación,261.954688
10/1/2018,Educación,262.486559
11/1/2018,Educación,263.132196
12/1/2018,Educación,263.745607
1/1/2019,Educación,264.291883
2/1/2019,Educación,274.48233
3/1/2019,Educación,275.025109
4/1/2019,Educación,276.445863
5/1/2019,Educación,277.161686
6/1/2019,Educación,278.314348
7/1/2019,Educación,278.883336
8/1/2019,Educación,279.523039
9/1/2019,Educación,280.187227
10/1/2019,Educación,280.773146
11/1/2019,Educación,281.389824
12/1/2019,Educación,281.782486
1/1/2020,Educación,282.164581
2/1/2020,Educación,290.222048
3/1/2020,Educación,290.600698
4/1/2020,Educación,290.994694
5/1/2020,Educación,291.434504
6/1/2020,Educación,291.85014
7/1/2020,Educación,292.244101
8/1/2020,Educación,292.708067
9/1/2020,Educación,293.402446
10/1/2020,Educación,293.811791
11/1/2020,Educación,294.259055
12/1/2020,Educación,294.629197
1/1/2021,Educación,294.872349
1/1/2011,Restaurantes y hoteles,152.195673
2/1/2011,Restaurantes y hoteles,152.674172
3/1/2011,Restaurantes y hoteles,153.592789
4/1/2011,Restaurantes y hoteles,154.171287
5/1/2011,Restaurantes y hoteles,157.156375
6/1/2011,Restaurantes y hoteles,157.865938
7/1/2011,Restaurantes y hoteles,158.779229
8/1/2011,Restaurantes y hoteles,158.953696
9/1/2011,Restaurantes y hoteles,158.828317
10/1/2011,Restaurantes y hoteles,159.995068
11/1/2011,Restaurantes y hoteles,159.967289
12/1/2011,Restaurantes y hoteles,162.09366
1/1/2012,Restaurantes y hoteles,162.920642
2/1/2012,Restaurantes y hoteles,164.563092
3/1/2012,Restaurantes y hoteles,164.900725
4/1/2012,Restaurantes y hoteles,166.097925
5/1/2012,Restaurantes y hoteles,166.929087
6/1/2012,Restaurantes y hoteles,168.106442
7/1/2012,Restaurantes y hoteles,169.630457
8/1/2012,Restaurantes y hoteles,170.322663
9/1/2012,Restaurantes y hoteles,171.431323
10/1/2012,Restaurantes y hoteles,172.142966
11/1/2012,Restaurantes y hoteles,174.421636
12/1/2012,Restaurantes y hoteles,175.62686
1/1/2013,Restaurantes y hoteles,176.349768
2/1/2013,Restaurantes y hoteles,177.959635
3/1/2013,Restaurantes y hoteles,177.86
4/1/2013,Restaurantes y hoteles,178.636251
5/1/2013,Restaurantes y hoteles,180.29196
6/1/2013,Restaurantes y hoteles,181.840643
7/1/2013,Restaurantes y hoteles,182.522998
8/1/2013,Restaurantes y hoteles,183.349044
9/1/2013,Restaurantes y hoteles,184.041988
10/1/2013,Restaurantes y hoteles,183.922511
11/1/2013,Restaurantes y hoteles,184.896133
12/1/2013,Restaurantes y hoteles,185.968303
1/1/2014,Restaurantes y hoteles,186.502353
2/1/2014,Restaurantes y hoteles,188.129555
3/1/2014,Restaurantes y hoteles,189.293679
4/1/2014,Restaurantes y hoteles,191.976326
5/1/2014,Restaurantes y hoteles,193.776883
6/1/2014,Restaurantes y hoteles,196.101859
7/1/2014,Restaurantes y hoteles,197.370704
8/1/2014,Restaurantes y hoteles,199.580467
9/1/2014,Restaurantes y hoteles,199.902441
10/1/2014,Restaurantes y hoteles,200.268256
11/1/2014,Restaurantes y hoteles,202.672367
12/1/2014,Restaurantes y hoteles,202.842866
1/1/2015,Restaurantes y hoteles,204.283827
2/1/2015,Restaurantes y hoteles,206.1106639
3/1/2015,Restaurantes y hoteles,207.561745
4/1/2015,Restaurantes y hoteles,209.136697
5/1/2015,Restaurantes y hoteles,210.303199
6/1/2015,Restaurantes y hoteles,211.037503
7/1/2015,Restaurantes y hoteles,212.976576
8/1/2015,Restaurantes y hoteles,214.670442
9/1/2015,Restaurantes y hoteles,215.10212
10/1/2015,Restaurantes y hoteles,216.64392
11/1/2015,Restaurantes y hoteles,217.839338
12/1/2015,Restaurantes y hoteles,219.059044
1/1/2016,Restaurantes y hoteles,220.361937
2/1/2016,Restaurantes y hoteles,224.091062
3/1/2016,Restaurantes y hoteles,226.776469
4/1/2016,Restaurantes y hoteles,226.435711
5/1/2016,Restaurantes y hoteles,226.930679
6/1/2016,Restaurantes y hoteles,227.170814
7/1/2016,Restaurantes y hoteles,227.95963
8/1/2016,Restaurantes y hoteles,228.828186
9/1/2016,Restaurantes y hoteles,229.250397
10/1/2016,Restaurantes y hoteles,230.107886
11/1/2016,Restaurantes y hoteles,230.638643
12/1/2016,Restaurantes y hoteles,232.412243
1/1/2017,Restaurantes y hoteles,232.199074
2/1/2017,Restaurantes y hoteles,232.500498
3/1/2017,Restaurantes y hoteles,232.819758
4/1/2017,Restaurantes y hoteles,233.380483
5/1/2017,Restaurantes y hoteles,234.867355
6/1/2017,Restaurantes y hoteles,235.774299
7/1/2017,Restaurantes y hoteles,236.895179
8/1/2017,Restaurantes y hoteles,236.252941
9/1/2017,Restaurantes y hoteles,237.02489
10/1/2017,Restaurantes y hoteles,238.620085
11/1/2017,Restaurantes y hoteles,239.779869
12/1/2017,Restaurantes y hoteles,240.494148
1/1/2018,Restaurantes y hoteles,240.827954
2/1/2018,Restaurantes y hoteles,241.583622
3/1/2018,Restaurantes y hoteles,242.543861
4/1/2018,Restaurantes y hoteles,243.096637
5/1/2018,Restaurantes y hoteles,244.082946
6/1/2018,Restaurantes y hoteles,245.716437
7/1/2018,Restaurantes y hoteles,246.526553
8/1/2018,Restaurantes y hoteles,246.735457
9/1/2018,Restaurantes y hoteles,247.742378
10/1/2018,Restaurantes y hoteles,248.462684
11/1/2018,Restaurantes y hoteles,247.569506
12/1/2018,Restaurantes y hoteles,248.199355
1/1/2019,Restaurantes y hoteles,248.508983
2/1/2019,Restaurantes y hoteles,248.334542
3/1/2019,Restaurantes y hoteles,250.437954
4/1/2019,Restaurantes y hoteles,253.555748
5/1/2019,Restaurantes y hoteles,254.470877
6/1/2019,Restaurantes y hoteles,255.989103
7/1/2019,Restaurantes y hoteles,258.076374
8/1/2019,Restaurantes y hoteles,257.812621
9/1/2019,Restaurantes y hoteles,257.763096
10/1/2019,Restaurantes y hoteles,258.311148
11/1/2019,Restaurantes y hoteles,259.35971
12/1/2019,Restaurantes y hoteles,259.508626
1/1/2020,Restaurantes y hoteles,260.319979
2/1/2020,Restaurantes y hoteles,260.534205
3/1/2020,Restaurantes y hoteles,260.953786
4/1/2020,Restaurantes y hoteles,262.038639
5/1/2020,Restaurantes y hoteles,264.663681
6/1/2020,Restaurantes y hoteles,267.710953
7/1/2020,Restaurantes y hoteles,266.657242
8/1/2020,Restaurantes y hoteles,264.229308
9/1/2020,Restaurantes y hoteles,261.452326
10/1/2020,Restaurantes y hoteles,262.747189
11/1/2020,Restaurantes y hoteles,262.571291
12/1/2020,Restaurantes y hoteles,263.961119
1/1/2021,Restaurantes y hoteles,265.356547
1/1/2011,Bienes y servicios diversos,133.741062
2/1/2011,Bienes y servicios diversos,134.176577
3/1/2011,Bienes y servicios diversos,135.058121
4/1/2011,Bienes y servicios diversos,135.693333
5/1/2011,Bienes y servicios diversos,137.545589
6/1/2011,Bienes y servicios diversos,138.293336
7/1/2011,Bienes y servicios diversos,139.126591
8/1/2011,Bienes y servicios diversos,139.35807
9/1/2011,Bienes y servicios diversos,139.38606
10/1/2011,Bienes y servicios diversos,140.020127
11/1/2011,Bienes y servicios diversos,140.412439
12/1/2011,Bienes y servicios diversos,141.340922
1/1/2012,Bienes y servicios diversos,142.384943
2/1/2012,Bienes y servicios diversos,143.192215
3/1/2012,Bienes y servicios diversos,144.21232
4/1/2012,Bienes y servicios diversos,144.793827
5/1/2012,Bienes y servicios diversos,145.407393
6/1/2012,Bienes y servicios diversos,146.083855
7/1/2012,Bienes y servicios diversos,147.174496
8/1/2012,Bienes y servicios diversos,147.715195
9/1/2012,Bienes y servicios diversos,148.540732
10/1/2012,Bienes y servicios diversos,149.258215
11/1/2012,Bienes y servicios diversos,150.277903
12/1/2012,Bienes y servicios diversos,151.005575
1/1/2013,Bienes y servicios diversos,151.694495
2/1/2013,Bienes y servicios diversos,152.423219
3/1/2013,Bienes y servicios diversos,153.17
4/1/2013,Bienes y servicios diversos,153.550755
5/1/2013,Bienes y servicios diversos,154.081957
6/1/2013,Bienes y servicios diversos,154.379311
7/1/2013,Bienes y servicios diversos,154.705932
8/1/2013,Bienes y servicios diversos,154.968164
9/1/2013,Bienes y servicios diversos,155.525791
10/1/2013,Bienes y servicios diversos,156.174474
11/1/2013,Bienes y servicios diversos,156.636986
12/1/2013,Bienes y servicios diversos,157.193822
1/1/2014,Bienes y servicios diversos,157.613452
2/1/2014,Bienes y servicios diversos,158.249368
3/1/2014,Bienes y servicios diversos,159.077327
4/1/2014,Bienes y servicios diversos,159.314482
5/1/2014,Bienes y servicios diversos,159.269484
6/1/2014,Bienes y servicios diversos,159.469924
7/1/2014,Bienes y servicios diversos,159.734985
8/1/2014,Bienes y servicios diversos,160.078548
9/1/2014,Bienes y servicios diversos,161.03593
10/1/2014,Bienes y servicios diversos,161.526497
11/1/2014,Bienes y servicios diversos,162.103602
12/1/2014,Bienes y servicios diversos,162.447358
1/1/2015,Bienes y servicios diversos,162.774549
2/1/2015,Bienes y servicios diversos,163.8122674
3/1/2015,Bienes y servicios diversos,165.148967
4/1/2015,Bienes y servicios diversos,165.730824
5/1/2015,Bienes y servicios diversos,165.967243
6/1/2015,Bienes y servicios diversos,166.454906
7/1/2015,Bienes y servicios diversos,166.835731
8/1/2015,Bienes y servicios diversos,167.135856
9/1/2015,Bienes y servicios diversos,167.623485
10/1/2015,Bienes y servicios diversos,168.33848
11/1/2015,Bienes y servicios diversos,168.796013
12/1/2015,Bienes y servicios diversos,169.255407
1/1/2016,Bienes y servicios diversos,170.072426
2/1/2016,Bienes y servicios diversos,171.168455
3/1/2016,Bienes y servicios diversos,172.481982
4/1/2016,Bienes y servicios diversos,172.992873
5/1/2016,Bienes y servicios diversos,173.613281
6/1/2016,Bienes y servicios diversos,173.880514
7/1/2016,Bienes y servicios diversos,174.365129
8/1/2016,Bienes y servicios diversos,174.735585
9/1/2016,Bienes y servicios diversos,175.229277
10/1/2016,Bienes y servicios diversos,175.570851
11/1/2016,Bienes y servicios diversos,175.678597
12/1/2016,Bienes y servicios diversos,176.086892
1/1/2017,Bienes y servicios diversos,176.59067
2/1/2017,Bienes y servicios diversos,177.489672
3/1/2017,Bienes y servicios diversos,178.205736
4/1/2017,Bienes y servicios diversos,179.006067
5/1/2017,Bienes y servicios diversos,180.242086
6/1/2017,Bienes y servicios diversos,180.541218
7/1/2017,Bienes y servicios diversos,180.991674
8/1/2017,Bienes y servicios diversos,181.364411
9/1/2017,Bienes y servicios diversos,181.784243
10/1/2017,Bienes y servicios diversos,182.166286
11/1/2017,Bienes y servicios diversos,182.183022
12/1/2017,Bienes y servicios diversos,182.834368
1/1/2018,Bienes y servicios diversos,183.40426
2/1/2018,Bienes y servicios diversos,184.102054
3/1/2018,Bienes y servicios diversos,185.067216
4/1/2018,Bienes y servicios diversos,185.419585
5/1/2018,Bienes y servicios diversos,185.608257
6/1/2018,Bienes y servicios diversos,186.501169
7/1/2018,Bienes y servicios diversos,187.038587
8/1/2018,Bienes y servicios diversos,187.374751
9/1/2018,Bienes y servicios diversos,187.544716
10/1/2018,Bienes y servicios diversos,187.809121
11/1/2018,Bienes y servicios diversos,188.583691
12/1/2018,Bienes y servicios diversos,189.002221
1/1/2019,Bienes y servicios diversos,189.773403
2/1/2019,Bienes y servicios diversos,190.019016
3/1/2019,Bienes y servicios diversos,197.173033
4/1/2019,Bienes y servicios diversos,201.937319
5/1/2019,Bienes y servicios diversos,204.141915
6/1/2019,Bienes y servicios diversos,205.661683
7/1/2019,Bienes y servicios diversos,206.806079
8/1/2019,Bienes y servicios diversos,207.654669
9/1/2019,Bienes y servicios diversos,208.665611
10/1/2019,Bienes y servicios diversos,209.467875
11/1/2019,Bienes y servicios diversos,209.888176
12/1/2019,Bienes y servicios diversos,210.345176
1/1/2020,Bienes y servicios diversos,210.990592
2/1/2020,Bienes y servicios diversos,211.916067
3/1/2020,Bienes y servicios diversos,212.594147
4/1/2020,Bienes y servicios diversos,213.032682
5/1/2020,Bienes y servicios diversos,213.424633
6/1/2020,Bienes y servicios diversos,213.931682
7/1/2020,Bienes y servicios diversos,214.642569
8/1/2020,Bienes y servicios diversos,215.407504
9/1/2020,Bienes y servicios diversos,216.669036
10/1/2020,Bienes y servicios diversos,217.469969
11/1/2020,Bienes y servicios diversos,218.404805
12/1/2020,Bienes y servicios diversos,218.811187
1/1/2021,Bienes y servicios diversos,219.469976
